date,platform,vehicle_model,impressions,clicks,cost_brl,leads
2026-01-01,Meta Ads,Yamaha MT-07,8270,560,1010.99,71
2026-01-01,Meta Ads,Yamaha NMAX 160,6977,150,233.41,7
2026-01-01,Meta Ads,Yamaha Crosser 150,3693,175,336.15,16
2026-01-01,Meta Ads,Yamaha Fazer 250,8554,325,695.49,17
2026-01-01,Google Ads,Yamaha MT-07,8098,268,950.54,35
2026-01-01,Google Ads,Yamaha NMAX 160,5493,217,794.96,24
2026-01-01,Google Ads,Yamaha Crosser 150,6088,149,329.11,10
2026-01-01,Google Ads,Yamaha Fazer 250,8560,531,1267.14,42
2026-01-02,Meta Ads,Yamaha MT-07,1580,89,230.04,6
2026-01-02,Meta Ads,Yamaha NMAX 160,7617,377,1041.45,25
2026-01-02,Meta Ads,Yamaha Crosser 150,9967,429,1479.76,36
2026-01-02,Meta Ads,Yamaha Fazer 250,5729,266,1098.43,22
2026-01-02,Google Ads,Yamaha MT-07,7619,503,1969.35,62
2026-01-02,Google Ads,Yamaha NMAX 160,1770,90,361.1,9
2026-01-02,Google Ads,Yamaha Crosser 150,7241,421,1276.01,24
2026-01-02,Google Ads,Yamaha Fazer 250,7777,259,1013.18,21
2026-01-03,Meta Ads,Yamaha MT-07,1918,97,286.73,5
2026-01-03,Meta Ads,Yamaha NMAX 160,7229,286,456.23,39
2026-01-03,Meta Ads,Yamaha Crosser 150,5234,397,896.47,43
2026-01-03,Meta Ads,Yamaha Fazer 250,8667,586,1902.3,60
2026-01-03,Google Ads,Yamaha MT-07,7320,489,1034.74,35
2026-01-03,Google Ads,Yamaha NMAX 160,8218,486,965.2,29
2026-01-03,Google Ads,Yamaha Crosser 150,9428,416,798.5,47
2026-01-03,Google Ads,Yamaha Fazer 250,5197,287,686.28,16
2026-01-04,Meta Ads,Yamaha MT-07,1390,30,105.04,2
2026-01-04,Meta Ads,Yamaha NMAX 160,2500,121,489.41,16
2026-01-04,Meta Ads,Yamaha Crosser 150,4810,116,142.83,6
2026-01-04,Meta Ads,Yamaha Fazer 250,4760,126,298.65,9
2026-01-04,Google Ads,Yamaha MT-07,8486,650,1782.58,72
2026-01-04,Google Ads,Yamaha NMAX 160,6084,409,725.32,51
2026-01-04,Google Ads,Yamaha Crosser 150,8099,193,602.26,14
2026-01-04,Google Ads,Yamaha Fazer 250,3720,199,245.22,16
2026-01-05,Meta Ads,Yamaha MT-07,9442,463,1565.27,48
2026-01-05,Meta Ads,Yamaha NMAX 160,5648,196,798.4,18
2026-01-05,Meta Ads,Yamaha Crosser 150,4568,284,759.14,38
2026-01-05,Meta Ads,Yamaha Fazer 250,9125,542,2437.95,29
2026-01-05,Google Ads,Yamaha MT-07,3863,273,1151.24,35
2026-01-05,Google Ads,Yamaha NMAX 160,7284,408,1592.56,56
2026-01-05,Google Ads,Yamaha Crosser 150,8123,393,967.7,24
2026-01-05,Google Ads,Yamaha Fazer 250,6548,280,1147.25,38
2026-01-06,Meta Ads,Yamaha MT-07,2382,79,140.1,9
2026-01-06,Meta Ads,Yamaha NMAX 160,4716,97,249.61,9
2026-01-06,Meta Ads,Yamaha Crosser 150,5798,289,600.5,18
2026-01-06,Meta Ads,Yamaha Fazer 250,8088,459,651.76,46
2026-01-06,Google Ads,Yamaha MT-07,2256,118,389.29,8
2026-01-06,Google Ads,Yamaha NMAX 160,7579,523,996.1,52
2026-01-06,Google Ads,Yamaha Crosser 150,1541,121,228.99,16
2026-01-06,Google Ads,Yamaha Fazer 250,9329,373,479.85,19
2026-01-07,Meta Ads,Yamaha MT-07,2431,56,119.35,4
2026-01-07,Meta Ads,Yamaha NMAX 160,1204,43,73.79,5
2026-01-07,Meta Ads,Yamaha Crosser 150,1671,99,433.54,10
2026-01-07,Meta Ads,Yamaha Fazer 250,8345,527,1359.33,31
2026-01-07,Google Ads,Yamaha MT-07,3113,74,202.09,10
2026-01-07,Google Ads,Yamaha NMAX 160,8239,559,1401.25,79
2026-01-07,Google Ads,Yamaha Crosser 150,2750,76,268.69,11
2026-01-07,Google Ads,Yamaha Fazer 250,3723,96,191.83,4
2026-01-08,Meta Ads,Yamaha MT-07,6827,162,663.37,22
2026-01-08,Meta Ads,Yamaha NMAX 160,4740,276,947.29,17
2026-01-08,Meta Ads,Yamaha Crosser 150,6808,347,422.7,17
2026-01-08,Meta Ads,Yamaha Fazer 250,7132,253,866.83,20
2026-01-08,Google Ads,Yamaha MT-07,5658,423,1362.69,58
2026-01-08,Google Ads,Yamaha NMAX 160,6619,144,634.1,18
2026-01-08,Google Ads,Yamaha Crosser 150,7905,376,1358.0,24
2026-01-08,Google Ads,Yamaha Fazer 250,7068,557,1417.58,73
2026-01-09,Meta Ads,Yamaha MT-07,5945,412,1475.65,31
2026-01-09,Meta Ads,Yamaha NMAX 160,6842,401,544.96,34
2026-01-09,Meta Ads,Yamaha Crosser 150,9931,223,560.23,28
2026-01-09,Meta Ads,Yamaha Fazer 250,1630,109,487.38,11
2026-01-09,Google Ads,Yamaha MT-07,7707,310,1113.66,32
2026-01-09,Google Ads,Yamaha NMAX 160,1619,109,457.37,15
2026-01-09,Google Ads,Yamaha Crosser 150,3217,126,503.82,15
2026-01-09,Google Ads,Yamaha Fazer 250,5369,427,1056.77,45
2026-01-10,Meta Ads,Yamaha MT-07,9575,192,692.51,28
2026-01-10,Meta Ads,Yamaha NMAX 160,8361,516,1835.56,49
2026-01-10,Meta Ads,Yamaha Crosser 150,1018,61,87.72,4
2026-01-10,Meta Ads,Yamaha Fazer 250,7358,331,1217.45,19
2026-01-10,Google Ads,Yamaha MT-07,4554,268,558.09,13
2026-01-10,Google Ads,Yamaha NMAX 160,9801,415,567.14,46
2026-01-10,Google Ads,Yamaha Crosser 150,4641,161,568.01,14
2026-01-10,Google Ads,Yamaha Fazer 250,3761,287,1051.67,35
2026-01-11,Meta Ads,Yamaha MT-07,9690,334,791.28,20
2026-01-11,Meta Ads,Yamaha NMAX 160,3687,290,838.26,17
2026-01-11,Meta Ads,Yamaha Crosser 150,7773,524,1409.18,35
2026-01-11,Meta Ads,Yamaha Fazer 250,3854,233,862.81,11
2026-01-11,Google Ads,Yamaha MT-07,3891,188,670.05,14
2026-01-11,Google Ads,Yamaha NMAX 160,7111,223,778.79,16
2026-01-11,Google Ads,Yamaha Crosser 150,5172,359,1431.72,26
2026-01-11,Google Ads,Yamaha Fazer 250,5478,350,1200.92,22
2026-01-12,Meta Ads,Yamaha MT-07,3505,186,682.2,24
2026-01-12,Meta Ads,Yamaha NMAX 160,6866,224,906.73,31
2026-01-12,Meta Ads,Yamaha Crosser 150,8542,533,1725.23,34
2026-01-12,Meta Ads,Yamaha Fazer 250,1269,74,144.92,7
2026-01-12,Google Ads,Yamaha MT-07,7855,420,1018.44,53
2026-01-12,Google Ads,Yamaha NMAX 160,7416,242,734.79,32
2026-01-12,Google Ads,Yamaha Crosser 150,4358,126,553.73,11
2026-01-12,Google Ads,Yamaha Fazer 250,7305,521,1238.59,65
2026-01-13,Meta Ads,Yamaha MT-07,1985,88,152.42,10
2026-01-13,Meta Ads,Yamaha NMAX 160,2895,113,299.0,15
2026-01-13,Meta Ads,Yamaha Crosser 150,7726,587,2479.6,66
2026-01-13,Meta Ads,Yamaha Fazer 250,5670,130,338.81,17
2026-01-13,Google Ads,Yamaha MT-07,3965,109,192.41,14
2026-01-13,Google Ads,Yamaha NMAX 160,6929,323,925.47,19
2026-01-13,Google Ads,Yamaha Crosser 150,6300,415,844.52,56
2026-01-13,Google Ads,Yamaha Fazer 250,1609,62,257.37,7
2026-01-14,Meta Ads,Yamaha MT-07,8891,479,1388.01,28
2026-01-14,Meta Ads,Yamaha NMAX 160,2499,116,375.43,15
2026-01-14,Meta Ads,Yamaha Crosser 150,2466,69,286.28,3
2026-01-14,Meta Ads,Yamaha Fazer 250,2893,154,367.05,21
2026-01-14,Google Ads,Yamaha MT-07,1946,38,122.59,4
2026-01-14,Google Ads,Yamaha NMAX 160,4590,270,1174.52,17
2026-01-14,Google Ads,Yamaha Crosser 150,1507,109,331.64,14
2026-01-14,Google Ads,Yamaha Fazer 250,3645,175,454.08,26
2026-01-15,Meta Ads,Yamaha MT-07,8620,484,1800.57,49
2026-01-15,Meta Ads,Yamaha NMAX 160,1494,69,225.74,7
2026-01-15,Meta Ads,Yamaha Crosser 150,7869,242,928.61,20
2026-01-15,Meta Ads,Yamaha Fazer 250,6014,332,1426.8,28
2026-01-15,Google Ads,Yamaha MT-07,8349,624,1926.92,42
2026-01-15,Google Ads,Yamaha NMAX 160,5588,336,1211.86,36
2026-01-15,Google Ads,Yamaha Crosser 150,4797,343,560.66,41
2026-01-15,Google Ads,Yamaha Fazer 250,5645,134,336.25,13
2026-01-16,Meta Ads,Yamaha MT-07,7468,265,319.44,23
2026-01-16,Meta Ads,Yamaha NMAX 160,7801,561,691.55,71
2026-01-16,Meta Ads,Yamaha Crosser 150,4114,99,228.18,8
2026-01-16,Meta Ads,Yamaha Fazer 250,5151,284,833.84,35
2026-01-16,Google Ads,Yamaha MT-07,1153,41,133.66,5
2026-01-16,Google Ads,Yamaha NMAX 160,9857,411,1570.01,59
2026-01-16,Google Ads,Yamaha Crosser 150,4723,149,224.39,15
2026-01-16,Google Ads,Yamaha Fazer 250,2674,75,270.18,9
2026-01-17,Meta Ads,Yamaha MT-07,6413,142,392.88,11
2026-01-17,Meta Ads,Yamaha NMAX 160,6935,186,379.94,24
2026-01-17,Meta Ads,Yamaha Crosser 150,7353,348,971.15,43
2026-01-17,Meta Ads,Yamaha Fazer 250,8688,454,1913.0,40
2026-01-17,Google Ads,Yamaha MT-07,1835,92,112.63,10
2026-01-17,Google Ads,Yamaha NMAX 160,8619,657,1427.87,64
2026-01-17,Google Ads,Yamaha Crosser 150,3248,66,255.77,9
2026-01-17,Google Ads,Yamaha Fazer 250,6670,295,518.68,43
2026-01-18,Meta Ads,Yamaha MT-07,4382,100,247.47,8
2026-01-18,Meta Ads,Yamaha NMAX 160,2502,177,434.88,17
2026-01-18,Meta Ads,Yamaha Crosser 150,1151,88,337.96,6
2026-01-18,Meta Ads,Yamaha Fazer 250,6904,213,418.96,24
2026-01-18,Google Ads,Yamaha MT-07,5076,196,352.76,19
2026-01-18,Google Ads,Yamaha NMAX 160,7368,192,601.08,18
2026-01-18,Google Ads,Yamaha Crosser 150,8170,550,1754.25,63
2026-01-18,Google Ads,Yamaha Fazer 250,2840,163,507.99,20
2026-01-19,Meta Ads,Yamaha MT-07,6335,216,611.59,30
2026-01-19,Meta Ads,Yamaha NMAX 160,6491,456,1367.29,26
2026-01-19,Meta Ads,Yamaha Crosser 150,8281,523,1071.42,63
2026-01-19,Meta Ads,Yamaha Fazer 250,9159,505,1364.92,51
2026-01-19,Google Ads,Yamaha MT-07,7865,204,587.57,10
2026-01-19,Google Ads,Yamaha NMAX 160,1754,70,85.64,8
2026-01-19,Google Ads,Yamaha Crosser 150,2428,171,283.81,17
2026-01-19,Google Ads,Yamaha Fazer 250,5196,360,447.78,37
2026-01-20,Meta Ads,Yamaha MT-07,9624,238,436.14,23
2026-01-20,Meta Ads,Yamaha NMAX 160,3850,180,789.52,15
2026-01-20,Meta Ads,Yamaha Crosser 150,4513,143,616.96,21
2026-01-20,Meta Ads,Yamaha Fazer 250,5938,286,1269.16,35
2026-01-20,Google Ads,Yamaha MT-07,7854,346,1465.7,39
2026-01-20,Google Ads,Yamaha NMAX 160,6024,439,1212.02,44
2026-01-20,Google Ads,Yamaha Crosser 150,5210,263,789.26,22
2026-01-20,Google Ads,Yamaha Fazer 250,5335,249,1083.54,35
2026-01-21,Meta Ads,Yamaha MT-07,9445,304,1240.96,17
2026-01-21,Meta Ads,Yamaha NMAX 160,4928,177,557.49,21
2026-01-21,Meta Ads,Yamaha Crosser 150,9101,556,2468.78,66
2026-01-21,Meta Ads,Yamaha Fazer 250,4808,257,734.81,16
2026-01-21,Google Ads,Yamaha MT-07,7611,358,629.76,40
2026-01-21,Google Ads,Yamaha NMAX 160,9493,287,1109.5,34
2026-01-21,Google Ads,Yamaha Crosser 150,3711,268,360.01,20
2026-01-21,Google Ads,Yamaha Fazer 250,6684,231,450.49,19
2026-01-22,Meta Ads,Yamaha MT-07,2996,60,119.15,8
2026-01-22,Meta Ads,Yamaha NMAX 160,3367,128,190.12,6
2026-01-22,Meta Ads,Yamaha Crosser 150,5264,277,844.11,28
2026-01-22,Meta Ads,Yamaha Fazer 250,7458,229,350.19,12
2026-01-22,Google Ads,Yamaha MT-07,1583,120,179.25,12
2026-01-22,Google Ads,Yamaha NMAX 160,5240,321,1023.37,19
2026-01-22,Google Ads,Yamaha Crosser 150,5477,419,1791.11,29
2026-01-22,Google Ads,Yamaha Fazer 250,7524,332,1109.61,39
2026-01-23,Meta Ads,Yamaha MT-07,9853,514,2202.45,68
2026-01-23,Meta Ads,Yamaha NMAX 160,1372,68,122.58,7
2026-01-23,Meta Ads,Yamaha Crosser 150,9855,546,1599.62,42
2026-01-23,Meta Ads,Yamaha Fazer 250,5460,134,296.2,15
2026-01-23,Google Ads,Yamaha MT-07,8378,218,953.58,25
2026-01-23,Google Ads,Yamaha NMAX 160,8727,211,848.02,27
2026-01-23,Google Ads,Yamaha Crosser 150,5490,215,649.88,11
2026-01-23,Google Ads,Yamaha Fazer 250,3985,182,743.93,14
2026-01-24,Meta Ads,Yamaha MT-07,3460,269,1034.4,30
2026-01-24,Meta Ads,Yamaha NMAX 160,8069,220,713.81,25
2026-01-24,Meta Ads,Yamaha Crosser 150,3289,129,195.13,19
2026-01-24,Meta Ads,Yamaha Fazer 250,5019,190,349.0,11
2026-01-24,Google Ads,Yamaha MT-07,5608,413,782.77,30
2026-01-24,Google Ads,Yamaha NMAX 160,7217,379,464.82,22
2026-01-24,Google Ads,Yamaha Crosser 150,4574,355,1327.64,35
2026-01-24,Google Ads,Yamaha Fazer 250,4872,182,454.19,15
2026-01-25,Meta Ads,Yamaha MT-07,9399,600,1753.29,34
2026-01-25,Meta Ads,Yamaha NMAX 160,8062,430,1784.55,63
2026-01-25,Meta Ads,Yamaha Crosser 150,2211,114,189.89,5
2026-01-25,Meta Ads,Yamaha Fazer 250,2079,133,291.81,12
2026-01-25,Google Ads,Yamaha MT-07,9720,502,1907.69,67
2026-01-25,Google Ads,Yamaha NMAX 160,1889,70,87.35,7
2026-01-25,Google Ads,Yamaha Crosser 150,4367,321,952.48,33
2026-01-25,Google Ads,Yamaha Fazer 250,7539,590,781.11,48
2026-01-26,Meta Ads,Yamaha MT-07,9104,707,2312.18,53
2026-01-26,Meta Ads,Yamaha NMAX 160,4963,273,660.7,26
2026-01-26,Meta Ads,Yamaha Crosser 150,9656,472,1081.99,58
2026-01-26,Meta Ads,Yamaha Fazer 250,7044,432,1326.73,51
2026-01-26,Google Ads,Yamaha MT-07,4428,251,877.72,21
2026-01-26,Google Ads,Yamaha NMAX 160,9065,294,372.48,28
2026-01-26,Google Ads,Yamaha Crosser 150,1815,96,172.16,9
2026-01-26,Google Ads,Yamaha Fazer 250,3282,241,663.37,24
2026-01-27,Meta Ads,Yamaha MT-07,3924,99,432.18,12
2026-01-27,Meta Ads,Yamaha NMAX 160,7708,184,221.76,18
2026-01-27,Meta Ads,Yamaha Crosser 150,7683,267,716.98,13
2026-01-27,Meta Ads,Yamaha Fazer 250,4598,269,661.88,39
2026-01-27,Google Ads,Yamaha MT-07,7200,352,728.49,30
2026-01-27,Google Ads,Yamaha NMAX 160,9500,429,1881.53,50
2026-01-27,Google Ads,Yamaha Crosser 150,6247,491,1901.67,51
2026-01-27,Google Ads,Yamaha Fazer 250,3280,228,516.61,16
2026-01-28,Meta Ads,Yamaha MT-07,1818,80,152.69,6
2026-01-28,Meta Ads,Yamaha NMAX 160,5615,255,547.98,16
2026-01-28,Meta Ads,Yamaha Crosser 150,4955,147,566.47,18
2026-01-28,Meta Ads,Yamaha Fazer 250,7163,316,522.03,31
2026-01-28,Google Ads,Yamaha MT-07,1124,81,102.29,9
2026-01-28,Google Ads,Yamaha NMAX 160,5840,275,546.68,36
2026-01-28,Google Ads,Yamaha Crosser 150,5861,287,831.29,38
2026-01-28,Google Ads,Yamaha Fazer 250,3922,207,711.83,22
2026-01-29,Meta Ads,Yamaha MT-07,2614,91,316.32,12
2026-01-29,Meta Ads,Yamaha NMAX 160,9841,357,1455.17,35
2026-01-29,Meta Ads,Yamaha Crosser 150,6594,335,520.16,38
2026-01-29,Meta Ads,Yamaha Fazer 250,7621,453,1881.64,40
2026-01-29,Google Ads,Yamaha MT-07,3276,183,549.36,19
2026-01-29,Google Ads,Yamaha NMAX 160,1717,130,188.64,13
2026-01-29,Google Ads,Yamaha Crosser 150,5919,410,1102.75,41
2026-01-29,Google Ads,Yamaha Fazer 250,1356,85,126.72,11
2026-01-30,Meta Ads,Yamaha MT-07,5162,395,602.39,30
2026-01-30,Meta Ads,Yamaha NMAX 160,7787,479,1972.47,46
2026-01-30,Meta Ads,Yamaha Crosser 150,1309,78,287.66,4
2026-01-30,Meta Ads,Yamaha Fazer 250,7412,570,2145.89,44
2026-01-30,Google Ads,Yamaha MT-07,4536,91,239.11,9
2026-01-30,Google Ads,Yamaha NMAX 160,5107,269,1166.18,18
2026-01-30,Google Ads,Yamaha Crosser 150,9266,417,1107.06,47
2026-01-30,Google Ads,Yamaha Fazer 250,5942,408,1154.06,28
2026-01-31,Meta Ads,Yamaha MT-07,7196,373,1076.96,54
2026-01-31,Meta Ads,Yamaha NMAX 160,9135,258,1132.2,34
2026-01-31,Meta Ads,Yamaha Crosser 150,8463,299,393.22,27
2026-01-31,Meta Ads,Yamaha Fazer 250,5052,306,567.55,30
2026-01-31,Google Ads,Yamaha MT-07,7387,581,2093.73,66
2026-01-31,Google Ads,Yamaha NMAX 160,6298,272,551.97,18
2026-01-31,Google Ads,Yamaha Crosser 150,9662,265,824.77,30
2026-01-31,Google Ads,Yamaha Fazer 250,6767,515,1623.42,26
2026-02-01,Meta Ads,Yamaha MT-07,4460,158,209.28,17
2026-02-01,Meta Ads,Yamaha NMAX 160,5237,235,295.11,26
2026-02-01,Meta Ads,Yamaha Crosser 150,1362,33,129.02,3
2026-02-01,Meta Ads,Yamaha Fazer 250,8750,280,435.39,26
2026-02-01,Google Ads,Yamaha MT-07,5929,295,799.5,30
2026-02-01,Google Ads,Yamaha NMAX 160,6196,486,1706.2,48
2026-02-01,Google Ads,Yamaha Crosser 150,2351,107,163.24,11
2026-02-01,Google Ads,Yamaha Fazer 250,5929,372,450.79,20
2026-02-02,Meta Ads,Yamaha MT-07,4414,315,509.54,33
2026-02-02,Meta Ads,Yamaha NMAX 160,4071,242,637.33,20
2026-02-02,Meta Ads,Yamaha Crosser 150,4603,354,509.4,28
2026-02-02,Meta Ads,Yamaha Fazer 250,2757,103,215.21,6
2026-02-02,Google Ads,Yamaha MT-07,1743,72,276.12,7
2026-02-02,Google Ads,Yamaha NMAX 160,5856,205,715.95,26
2026-02-02,Google Ads,Yamaha Crosser 150,7030,426,1739.25,39
2026-02-02,Google Ads,Yamaha Fazer 250,3861,181,607.13,24
2026-02-03,Meta Ads,Yamaha MT-07,7180,311,897.94,44
2026-02-03,Meta Ads,Yamaha NMAX 160,4667,155,568.89,14
2026-02-03,Meta Ads,Yamaha Crosser 150,8021,338,611.24,31
2026-02-03,Meta Ads,Yamaha Fazer 250,8611,620,1666.9,31
2026-02-03,Google Ads,Yamaha MT-07,4712,143,332.46,12
2026-02-03,Google Ads,Yamaha NMAX 160,5703,418,1467.6,29
2026-02-03,Google Ads,Yamaha Crosser 150,9053,254,987.15,28
2026-02-03,Google Ads,Yamaha Fazer 250,4030,272,770.49,21
2026-02-04,Meta Ads,Yamaha MT-07,9284,292,1221.9,20
2026-02-04,Meta Ads,Yamaha NMAX 160,7141,182,651.85,11
2026-02-04,Meta Ads,Yamaha Crosser 150,3846,86,350.12,10
2026-02-04,Meta Ads,Yamaha Fazer 250,6723,354,1015.87,25
2026-02-04,Google Ads,Yamaha MT-07,7655,577,2048.87,50
2026-02-04,Google Ads,Yamaha NMAX 160,7283,394,1612.56,56
2026-02-04,Google Ads,Yamaha Crosser 150,3493,102,191.99,11
2026-02-04,Google Ads,Yamaha Fazer 250,1527,121,217.31,6
2026-02-05,Meta Ads,Yamaha MT-07,8222,373,1312.46,53
2026-02-05,Meta Ads,Yamaha NMAX 160,8815,698,1928.11,90
2026-02-05,Meta Ads,Yamaha Crosser 150,1318,99,409.55,12
2026-02-05,Meta Ads,Yamaha Fazer 250,5830,166,504.17,13
2026-02-05,Google Ads,Yamaha MT-07,9656,542,1346.39,57
2026-02-05,Google Ads,Yamaha NMAX 160,7995,218,872.07,19
2026-02-05,Google Ads,Yamaha Crosser 150,5158,370,1085.7,38
2026-02-05,Google Ads,Yamaha Fazer 250,6869,248,379.58,21
2026-02-06,Meta Ads,Yamaha MT-07,6809,306,541.2,18
2026-02-06,Meta Ads,Yamaha NMAX 160,2622,75,247.42,10
2026-02-06,Meta Ads,Yamaha Crosser 150,8490,200,252.4,29
2026-02-06,Meta Ads,Yamaha Fazer 250,6447,295,971.25,22
2026-02-06,Google Ads,Yamaha MT-07,3940,172,306.94,14
2026-02-06,Google Ads,Yamaha NMAX 160,1182,81,174.85,6
2026-02-06,Google Ads,Yamaha Crosser 150,6798,437,1780.07,49
2026-02-06,Google Ads,Yamaha Fazer 250,4562,280,448.38,15
2026-02-07,Meta Ads,Yamaha MT-07,1267,43,155.81,5
2026-02-07,Meta Ads,Yamaha NMAX 160,4345,266,815.65,15
2026-02-07,Meta Ads,Yamaha Crosser 150,5163,205,305.5,24
2026-02-07,Meta Ads,Yamaha Fazer 250,3954,115,502.32,6
2026-02-07,Google Ads,Yamaha MT-07,7311,553,1446.03,75
2026-02-07,Google Ads,Yamaha NMAX 160,4039,107,383.61,8
2026-02-07,Google Ads,Yamaha Crosser 150,7609,573,1196.93,85
2026-02-07,Google Ads,Yamaha Fazer 250,7659,557,1607.14,32
2026-02-08,Meta Ads,Yamaha MT-07,8796,645,1220.62,95
2026-02-08,Meta Ads,Yamaha NMAX 160,2540,73,199.85,8
2026-02-08,Meta Ads,Yamaha Crosser 150,8054,342,1515.69,27
2026-02-08,Meta Ads,Yamaha Fazer 250,4194,178,373.42,10
2026-02-08,Google Ads,Yamaha MT-07,4480,265,792.06,33
2026-02-08,Google Ads,Yamaha NMAX 160,7436,505,1116.58,48
2026-02-08,Google Ads,Yamaha Crosser 150,2904,171,251.31,10
2026-02-08,Google Ads,Yamaha Fazer 250,8775,209,621.81,25
2026-02-09,Meta Ads,Yamaha MT-07,2897,142,272.75,15
2026-02-09,Meta Ads,Yamaha NMAX 160,1248,77,122.49,5
2026-02-09,Meta Ads,Yamaha Crosser 150,8210,253,969.23,24
2026-02-09,Meta Ads,Yamaha Fazer 250,9112,671,1355.53,39
2026-02-09,Google Ads,Yamaha MT-07,9066,314,823.1,30
2026-02-09,Google Ads,Yamaha NMAX 160,1178,55,116.55,7
2026-02-09,Google Ads,Yamaha Crosser 150,2501,120,230.12,10
2026-02-09,Google Ads,Yamaha Fazer 250,2120,64,280.72,6
2026-02-10,Meta Ads,Yamaha MT-07,9654,476,750.17,27
2026-02-10,Meta Ads,Yamaha NMAX 160,5012,164,427.56,23
2026-02-10,Meta Ads,Yamaha Crosser 150,8607,547,1684.8,56
2026-02-10,Meta Ads,Yamaha Fazer 250,4556,212,698.25,28
2026-02-10,Google Ads,Yamaha MT-07,2251,81,358.92,6
2026-02-10,Google Ads,Yamaha NMAX 160,6681,521,1820.06,46
2026-02-10,Google Ads,Yamaha Crosser 150,4395,273,597.07,34
2026-02-10,Google Ads,Yamaha Fazer 250,2693,158,661.13,9
2026-02-11,Meta Ads,Yamaha MT-07,5808,269,530.59,24
2026-02-11,Meta Ads,Yamaha NMAX 160,4011,220,960.01,11
2026-02-11,Meta Ads,Yamaha Crosser 150,3680,210,415.08,22
2026-02-11,Meta Ads,Yamaha Fazer 250,3945,108,285.45,13
2026-02-11,Google Ads,Yamaha MT-07,2705,103,207.8,9
2026-02-11,Google Ads,Yamaha NMAX 160,1307,34,55.56,3
2026-02-11,Google Ads,Yamaha Crosser 150,8596,355,862.19,29
2026-02-11,Google Ads,Yamaha Fazer 250,1832,65,151.98,7
2026-02-12,Meta Ads,Yamaha MT-07,8848,577,2469.83,41
2026-02-12,Meta Ads,Yamaha NMAX 160,2607,57,253.22,7
2026-02-12,Meta Ads,Yamaha Crosser 150,1771,75,319.61,4
2026-02-12,Meta Ads,Yamaha Fazer 250,9897,527,1792.09,75
2026-02-12,Google Ads,Yamaha MT-07,9641,371,1529.62,29
2026-02-12,Google Ads,Yamaha NMAX 160,9752,593,1591.19,43
2026-02-12,Google Ads,Yamaha Crosser 150,4309,317,705.78,25
2026-02-12,Google Ads,Yamaha Fazer 250,9289,340,687.26,24
2026-02-13,Meta Ads,Yamaha MT-07,7970,184,729.2,26
2026-02-13,Meta Ads,Yamaha NMAX 160,8285,608,744.45,80
2026-02-13,Meta Ads,Yamaha Crosser 150,8965,307,1298.05,17
2026-02-13,Meta Ads,Yamaha Fazer 250,6938,424,1467.52,22
2026-02-13,Google Ads,Yamaha MT-07,7338,433,1215.39,55
2026-02-13,Google Ads,Yamaha NMAX 160,9187,582,1802.79,35
2026-02-13,Google Ads,Yamaha Crosser 150,5803,361,1073.35,34
2026-02-13,Google Ads,Yamaha Fazer 250,2194,137,204.96,15
2026-02-14,Meta Ads,Yamaha MT-07,6962,343,1205.63,50
2026-02-14,Meta Ads,Yamaha NMAX 160,2982,197,244.62,14
2026-02-14,Meta Ads,Yamaha Crosser 150,8126,513,829.8,28
2026-02-14,Meta Ads,Yamaha Fazer 250,7590,528,1692.42,54
2026-02-14,Google Ads,Yamaha MT-07,1707,67,174.24,4
2026-02-14,Google Ads,Yamaha NMAX 160,4346,336,1386.4,22
2026-02-14,Google Ads,Yamaha Crosser 150,8903,185,473.46,10
2026-02-14,Google Ads,Yamaha Fazer 250,8471,551,2027.8,45
2026-02-15,Meta Ads,Yamaha MT-07,3910,188,739.09,17
2026-02-15,Meta Ads,Yamaha NMAX 160,2848,157,234.87,19
2026-02-15,Meta Ads,Yamaha Crosser 150,6217,436,839.22,37
2026-02-15,Meta Ads,Yamaha Fazer 250,5417,270,1104.21,16
2026-02-15,Google Ads,Yamaha MT-07,3403,146,273.32,16
2026-02-15,Google Ads,Yamaha NMAX 160,7808,585,2347.77,63
2026-02-15,Google Ads,Yamaha Crosser 150,5723,148,239.75,8
2026-02-15,Google Ads,Yamaha Fazer 250,1560,68,111.19,6
2026-02-16,Meta Ads,Yamaha MT-07,5862,261,924.55,26
2026-02-16,Meta Ads,Yamaha NMAX 160,3808,102,419.87,7
2026-02-16,Meta Ads,Yamaha Crosser 150,3886,95,410.77,13
2026-02-16,Meta Ads,Yamaha Fazer 250,6277,333,525.66,48
2026-02-16,Google Ads,Yamaha MT-07,7023,209,280.01,22
2026-02-16,Google Ads,Yamaha NMAX 160,5451,253,923.76,26
2026-02-16,Google Ads,Yamaha Crosser 150,8081,472,1683.16,51
2026-02-16,Google Ads,Yamaha Fazer 250,2517,103,199.5,11
2026-02-17,Meta Ads,Yamaha MT-07,3529,94,149.99,13
2026-02-17,Meta Ads,Yamaha NMAX 160,7077,366,981.94,36
2026-02-17,Meta Ads,Yamaha Crosser 150,7975,259,561.05,17
2026-02-17,Meta Ads,Yamaha Fazer 250,2039,42,188.17,4
2026-02-17,Google Ads,Yamaha MT-07,5953,459,1099.82,29
2026-02-17,Google Ads,Yamaha NMAX 160,9008,366,1222.12,32
2026-02-17,Google Ads,Yamaha Crosser 150,6609,417,1647.8,37
2026-02-17,Google Ads,Yamaha Fazer 250,4477,147,233.11,14
2026-02-18,Meta Ads,Yamaha MT-07,4613,288,1234.27,30
2026-02-18,Meta Ads,Yamaha NMAX 160,5470,368,1125.77,21
2026-02-18,Meta Ads,Yamaha Crosser 150,7200,175,550.35,24
2026-02-18,Meta Ads,Yamaha Fazer 250,5182,335,1143.49,38
2026-02-18,Google Ads,Yamaha MT-07,2537,121,466.22,7
2026-02-18,Google Ads,Yamaha NMAX 160,9689,525,2357.94,77
2026-02-18,Google Ads,Yamaha Crosser 150,2437,82,336.73,8
2026-02-18,Google Ads,Yamaha Fazer 250,6988,247,908.57,20
2026-02-19,Meta Ads,Yamaha MT-07,8315,207,775.37,11
2026-02-19,Meta Ads,Yamaha NMAX 160,1335,54,235.75,7
2026-02-19,Meta Ads,Yamaha Crosser 150,6961,482,861.74,57
2026-02-19,Meta Ads,Yamaha Fazer 250,1870,72,129.28,9
2026-02-19,Google Ads,Yamaha MT-07,5983,256,423.72,37
2026-02-19,Google Ads,Yamaha NMAX 160,4879,239,710.94,13
2026-02-19,Google Ads,Yamaha Crosser 150,9519,457,1807.62,30
2026-02-19,Google Ads,Yamaha Fazer 250,6349,313,1094.89,19
2026-02-20,Meta Ads,Yamaha MT-07,3042,187,382.07,22
2026-02-20,Meta Ads,Yamaha NMAX 160,1920,128,183.09,13
2026-02-20,Meta Ads,Yamaha Crosser 150,1794,77,212.32,10
2026-02-20,Meta Ads,Yamaha Fazer 250,7461,568,1320.65,45
2026-02-20,Google Ads,Yamaha MT-07,4291,158,489.6,15
2026-02-20,Google Ads,Yamaha NMAX 160,1941,127,478.68,16
2026-02-20,Google Ads,Yamaha Crosser 150,4073,274,1200.91,30
2026-02-20,Google Ads,Yamaha Fazer 250,9716,352,1284.84,20
2026-02-21,Meta Ads,Yamaha MT-07,3534,158,518.61,13
2026-02-21,Meta Ads,Yamaha NMAX 160,4450,344,1290.61,48
2026-02-21,Meta Ads,Yamaha Crosser 150,1693,131,278.91,18
2026-02-21,Meta Ads,Yamaha Fazer 250,6043,380,1109.83,44
2026-02-21,Google Ads,Yamaha MT-07,5374,117,204.36,10
2026-02-21,Google Ads,Yamaha NMAX 160,1166,61,189.1,4
2026-02-21,Google Ads,Yamaha Crosser 150,3151,199,312.05,13
2026-02-21,Google Ads,Yamaha Fazer 250,4371,342,943.32,30
2026-02-22,Meta Ads,Yamaha MT-07,4824,204,816.12,13
2026-02-22,Meta Ads,Yamaha NMAX 160,6599,224,575.6,16
2026-02-22,Meta Ads,Yamaha Crosser 150,1419,51,85.69,5
2026-02-22,Meta Ads,Yamaha Fazer 250,6998,440,1839.46,29
2026-02-22,Google Ads,Yamaha MT-07,1022,58,134.99,3
2026-02-22,Google Ads,Yamaha NMAX 160,8923,563,832.39,50
2026-02-22,Google Ads,Yamaha Crosser 150,6710,196,392.24,28
2026-02-22,Google Ads,Yamaha Fazer 250,6385,237,344.44,19
2026-02-23,Meta Ads,Yamaha MT-07,6775,349,653.76,21
2026-02-23,Meta Ads,Yamaha NMAX 160,8408,397,1385.93,52
2026-02-23,Meta Ads,Yamaha Crosser 150,4408,200,850.36,13
2026-02-23,Meta Ads,Yamaha Fazer 250,6983,391,1711.55,44
2026-02-23,Google Ads,Yamaha MT-07,1253,97,218.65,5
2026-02-23,Google Ads,Yamaha NMAX 160,6489,462,1778.09,53
2026-02-23,Google Ads,Yamaha Crosser 150,8799,248,531.53,18
2026-02-23,Google Ads,Yamaha Fazer 250,2006,153,535.65,8
2026-02-24,Meta Ads,Yamaha MT-07,9210,436,1957.92,48
2026-02-24,Meta Ads,Yamaha NMAX 160,1363,48,95.7,3
2026-02-24,Meta Ads,Yamaha Crosser 150,2982,153,229.58,16
2026-02-24,Meta Ads,Yamaha Fazer 250,5621,225,646.36,27
2026-02-24,Google Ads,Yamaha MT-07,1001,56,111.46,5
2026-02-24,Google Ads,Yamaha NMAX 160,1635,38,56.87,5
2026-02-24,Google Ads,Yamaha Crosser 150,9710,435,1336.5,45
2026-02-24,Google Ads,Yamaha Fazer 250,5284,411,821.66,50
2026-02-25,Meta Ads,Yamaha MT-07,4541,205,295.11,10
2026-02-25,Meta Ads,Yamaha NMAX 160,7918,358,452.2,53
2026-02-25,Meta Ads,Yamaha Crosser 150,7936,393,1371.69,57
2026-02-25,Meta Ads,Yamaha Fazer 250,3661,197,854.44,11
2026-02-25,Google Ads,Yamaha MT-07,1968,114,308.24,10
2026-02-25,Google Ads,Yamaha NMAX 160,2663,76,150.71,8
2026-02-25,Google Ads,Yamaha Crosser 150,4274,217,668.21,11
2026-02-25,Google Ads,Yamaha Fazer 250,3751,232,668.55,15
2026-02-26,Meta Ads,Yamaha MT-07,9838,630,2554.27,65
2026-02-26,Meta Ads,Yamaha NMAX 160,7505,445,1384.45,28
2026-02-26,Meta Ads,Yamaha Crosser 150,8426,669,1360.51,64
2026-02-26,Meta Ads,Yamaha Fazer 250,6481,277,814.65,14
2026-02-26,Google Ads,Yamaha MT-07,9136,596,1350.96,85
2026-02-26,Google Ads,Yamaha NMAX 160,5087,320,1162.38,41
2026-02-26,Google Ads,Yamaha Crosser 150,7686,529,2156.9,77
2026-02-26,Google Ads,Yamaha Fazer 250,5336,292,720.16,17
2026-02-27,Meta Ads,Yamaha MT-07,7842,256,452.66,14
2026-02-27,Meta Ads,Yamaha NMAX 160,4844,321,617.27,18
2026-02-27,Meta Ads,Yamaha Crosser 150,3099,93,378.7,8
2026-02-27,Meta Ads,Yamaha Fazer 250,1503,65,217.46,8
2026-02-27,Google Ads,Yamaha MT-07,6474,270,708.95,23
2026-02-27,Google Ads,Yamaha NMAX 160,4748,363,818.93,30
2026-02-27,Google Ads,Yamaha Crosser 150,4951,209,307.61,28
2026-02-27,Google Ads,Yamaha Fazer 250,7902,187,761.98,12
2026-02-28,Meta Ads,Yamaha MT-07,1207,79,134.71,11
2026-02-28,Meta Ads,Yamaha NMAX 160,5396,155,446.02,17
2026-02-28,Meta Ads,Yamaha Crosser 150,3259,138,492.26,12
2026-02-28,Meta Ads,Yamaha Fazer 250,3891,268,1193.91,20
2026-02-28,Google Ads,Yamaha MT-07,3151,231,677.2,31
2026-02-28,Google Ads,Yamaha NMAX 160,7452,476,718.58,68
2026-02-28,Google Ads,Yamaha Crosser 150,4017,161,596.77,15
2026-02-28,Google Ads,Yamaha Fazer 250,7947,315,1067.02,47
2026-03-01,Meta Ads,Yamaha MT-07,8319,351,668.17,18
2026-03-01,Meta Ads,Yamaha NMAX 160,9704,344,1238.29,17
2026-03-01,Meta Ads,Yamaha Crosser 150,7447,283,876.84,31
2026-03-01,Meta Ads,Yamaha Fazer 250,6605,231,631.74,24
2026-03-01,Google Ads,Yamaha MT-07,7453,149,427.83,21
2026-03-01,Google Ads,Yamaha NMAX 160,6521,240,702.18,20
2026-03-01,Google Ads,Yamaha Crosser 150,3559,205,681.64,16
2026-03-01,Google Ads,Yamaha Fazer 250,7659,494,1184.97,35
2026-03-02,Meta Ads,Yamaha MT-07,3620,210,325.37,29
2026-03-02,Meta Ads,Yamaha NMAX 160,2802,134,292.43,16
2026-03-02,Meta Ads,Yamaha Crosser 150,9628,494,1759.32,30
2026-03-02,Meta Ads,Yamaha Fazer 250,7498,581,1582.69,61
2026-03-02,Google Ads,Yamaha MT-07,8139,634,2014.44,72
2026-03-02,Google Ads,Yamaha NMAX 160,7900,293,1061.42,31
2026-03-02,Google Ads,Yamaha Crosser 150,2035,105,171.33,6
2026-03-02,Google Ads,Yamaha Fazer 250,6280,248,661.02,23
2026-03-03,Meta Ads,Yamaha MT-07,6496,406,1679.03,31
2026-03-03,Meta Ads,Yamaha NMAX 160,9885,357,1605.67,38
2026-03-03,Meta Ads,Yamaha Crosser 150,5568,198,327.18,19
2026-03-03,Meta Ads,Yamaha Fazer 250,6229,182,342.3,17
2026-03-03,Google Ads,Yamaha MT-07,5661,388,703.88,30
2026-03-03,Google Ads,Yamaha NMAX 160,1760,97,193.43,10
2026-03-03,Google Ads,Yamaha Crosser 150,2429,115,293.67,15
2026-03-03,Google Ads,Yamaha Fazer 250,1789,90,223.31,8
2026-03-04,Meta Ads,Yamaha MT-07,6957,310,1255.93,25
2026-03-04,Meta Ads,Yamaha NMAX 160,6834,280,738.36,14
2026-03-04,Meta Ads,Yamaha Crosser 150,7799,189,783.98,21
2026-03-04,Meta Ads,Yamaha Fazer 250,4463,340,980.67,32
2026-03-04,Google Ads,Yamaha MT-07,9298,532,1876.07,30
2026-03-04,Google Ads,Yamaha NMAX 160,9432,240,690.58,22
2026-03-04,Google Ads,Yamaha Crosser 150,1390,107,341.64,11
2026-03-04,Google Ads,Yamaha Fazer 250,4709,185,719.65,19
2026-03-05,Meta Ads,Yamaha MT-07,7030,213,768.72,14
2026-03-05,Meta Ads,Yamaha NMAX 160,9513,384,603.59,38
2026-03-05,Meta Ads,Yamaha Crosser 150,2302,92,253.82,6
2026-03-05,Meta Ads,Yamaha Fazer 250,9077,495,1282.62,54
2026-03-05,Google Ads,Yamaha MT-07,1717,40,125.77,4
2026-03-05,Google Ads,Yamaha NMAX 160,5230,383,923.49,52
2026-03-05,Google Ads,Yamaha Crosser 150,3084,74,320.35,7
2026-03-05,Google Ads,Yamaha Fazer 250,4960,257,381.62,18
2026-03-06,Meta Ads,Yamaha MT-07,4958,297,1251.27,27
2026-03-06,Meta Ads,Yamaha NMAX 160,6566,394,1085.53,19
2026-03-06,Meta Ads,Yamaha Crosser 150,7713,587,1695.8,29
2026-03-06,Meta Ads,Yamaha Fazer 250,1527,63,212.74,5
2026-03-06,Google Ads,Yamaha MT-07,2773,203,458.93,18
2026-03-06,Google Ads,Yamaha NMAX 160,4949,361,1355.42,20
2026-03-06,Google Ads,Yamaha Crosser 150,7794,439,817.39,37
2026-03-06,Google Ads,Yamaha Fazer 250,2946,161,416.31,11
2026-03-07,Meta Ads,Yamaha MT-07,2933,130,439.83,18
2026-03-07,Meta Ads,Yamaha NMAX 160,9823,682,1324.18,57
2026-03-07,Meta Ads,Yamaha Crosser 150,3611,242,657.54,12
2026-03-07,Meta Ads,Yamaha Fazer 250,3409,197,623.99,11
2026-03-07,Google Ads,Yamaha MT-07,2755,177,788.91,19
2026-03-07,Google Ads,Yamaha NMAX 160,3589,277,523.88,14
2026-03-07,Google Ads,Yamaha Crosser 150,4342,315,1314.87,33
2026-03-07,Google Ads,Yamaha Fazer 250,6221,473,1141.66,56
2026-03-08,Meta Ads,Yamaha MT-07,9186,591,1420.99,47
2026-03-08,Meta Ads,Yamaha NMAX 160,2220,147,427.38,13
2026-03-08,Meta Ads,Yamaha Crosser 150,4712,356,822.86,43
2026-03-08,Meta Ads,Yamaha Fazer 250,8530,236,491.47,27
2026-03-08,Google Ads,Yamaha MT-07,8696,338,1087.8,21
2026-03-08,Google Ads,Yamaha NMAX 160,2997,135,422.1,7
2026-03-08,Google Ads,Yamaha Crosser 150,8828,325,1061.03,29
2026-03-08,Google Ads,Yamaha Fazer 250,9629,436,1367.37,31
2026-03-09,Meta Ads,Yamaha MT-07,4948,149,199.22,13
2026-03-09,Meta Ads,Yamaha NMAX 160,1848,86,140.04,5
2026-03-09,Meta Ads,Yamaha Crosser 150,8793,421,1247.03,31
2026-03-09,Meta Ads,Yamaha Fazer 250,7989,565,1229.26,79
2026-03-09,Google Ads,Yamaha MT-07,3054,213,362.84,24
2026-03-09,Google Ads,Yamaha NMAX 160,8797,633,2005.36,89
2026-03-09,Google Ads,Yamaha Crosser 150,5835,431,651.63,52
2026-03-09,Google Ads,Yamaha Fazer 250,5951,380,1376.53,23
2026-03-10,Meta Ads,Yamaha MT-07,7318,439,1329.69,37
2026-03-10,Meta Ads,Yamaha NMAX 160,3428,127,481.87,9
2026-03-10,Meta Ads,Yamaha Crosser 150,1711,36,95.59,5
2026-03-10,Meta Ads,Yamaha Fazer 250,6032,323,1188.16,22
2026-03-10,Google Ads,Yamaha MT-07,8574,443,1147.73,32
2026-03-10,Google Ads,Yamaha NMAX 160,4670,225,443.86,33
2026-03-10,Google Ads,Yamaha Crosser 150,2739,70,192.26,4
2026-03-10,Google Ads,Yamaha Fazer 250,9459,203,576.81,20
2026-03-11,Meta Ads,Yamaha MT-07,1854,114,301.99,14
2026-03-11,Meta Ads,Yamaha NMAX 160,9151,593,2369.99,36
2026-03-11,Meta Ads,Yamaha Crosser 150,5716,217,677.19,31
2026-03-11,Meta Ads,Yamaha Fazer 250,2128,149,412.77,20
2026-03-11,Google Ads,Yamaha MT-07,8637,413,995.14,25
2026-03-11,Google Ads,Yamaha NMAX 160,2619,140,345.99,13
2026-03-11,Google Ads,Yamaha Crosser 150,9880,693,866.3,100
2026-03-11,Google Ads,Yamaha Fazer 250,9731,288,360.07,34
2026-03-12,Meta Ads,Yamaha MT-07,5505,240,651.18,27
2026-03-12,Meta Ads,Yamaha NMAX 160,4266,157,584.5,9
2026-03-12,Meta Ads,Yamaha Crosser 150,5989,176,625.55,10
2026-03-12,Meta Ads,Yamaha Fazer 250,1819,84,149.35,12
2026-03-12,Google Ads,Yamaha MT-07,3759,281,713.94,17
2026-03-12,Google Ads,Yamaha NMAX 160,8461,648,2186.42,63
2026-03-12,Google Ads,Yamaha Crosser 150,2836,192,273.8,13
2026-03-12,Google Ads,Yamaha Fazer 250,9079,300,811.36,40
2026-03-13,Meta Ads,Yamaha MT-07,8790,402,1488.2,47
2026-03-13,Meta Ads,Yamaha NMAX 160,1529,44,185.62,5
2026-03-13,Meta Ads,Yamaha Crosser 150,1132,41,140.5,5
2026-03-13,Meta Ads,Yamaha Fazer 250,1362,93,321.62,9
2026-03-13,Google Ads,Yamaha MT-07,4397,240,757.51,26
2026-03-13,Google Ads,Yamaha NMAX 160,5953,288,744.06,39
2026-03-13,Google Ads,Yamaha Crosser 150,9774,307,1047.49,34
2026-03-13,Google Ads,Yamaha Fazer 250,4176,228,529.65,13
2026-03-14,Meta Ads,Yamaha MT-07,8700,401,1287.64,47
2026-03-14,Meta Ads,Yamaha NMAX 160,5250,382,624.1,49
2026-03-14,Meta Ads,Yamaha Crosser 150,4733,129,471.74,13
2026-03-14,Meta Ads,Yamaha Fazer 250,2241,74,155.21,4
2026-03-14,Google Ads,Yamaha MT-07,9572,702,3079.39,49
2026-03-14,Google Ads,Yamaha NMAX 160,4362,190,639.32,25
2026-03-14,Google Ads,Yamaha Crosser 150,4750,207,593.33,28
2026-03-14,Google Ads,Yamaha Fazer 250,1859,103,264.94,6
2026-03-15,Meta Ads,Yamaha MT-07,2830,185,782.5,13
2026-03-15,Meta Ads,Yamaha NMAX 160,1565,31,103.66,2
2026-03-15,Meta Ads,Yamaha Crosser 150,9224,212,814.78,19
2026-03-15,Meta Ads,Yamaha Fazer 250,6049,441,1840.99,34
2026-03-15,Google Ads,Yamaha MT-07,8491,510,1328.97,75
2026-03-15,Google Ads,Yamaha NMAX 160,6994,331,1115.58,48
2026-03-15,Google Ads,Yamaha Crosser 150,1577,60,87.73,5
2026-03-15,Google Ads,Yamaha Fazer 250,3370,250,436.0,30
2026-03-16,Meta Ads,Yamaha MT-07,8413,333,1103.99,16
2026-03-16,Meta Ads,Yamaha NMAX 160,5991,465,628.44,53
2026-03-16,Meta Ads,Yamaha Crosser 150,5223,248,743.49,35
2026-03-16,Meta Ads,Yamaha Fazer 250,9543,663,1197.95,82
2026-03-16,Google Ads,Yamaha MT-07,9079,472,823.05,43
2026-03-16,Google Ads,Yamaha NMAX 160,9944,293,1267.8,38
2026-03-16,Google Ads,Yamaha Crosser 150,5578,140,501.79,9
2026-03-16,Google Ads,Yamaha Fazer 250,7785,318,647.81,23
2026-03-17,Meta Ads,Yamaha MT-07,1228,76,198.21,7
2026-03-17,Meta Ads,Yamaha NMAX 160,2292,83,324.27,6
2026-03-17,Meta Ads,Yamaha Crosser 150,9416,389,804.98,43
2026-03-17,Meta Ads,Yamaha Fazer 250,2568,157,504.26,23
2026-03-17,Google Ads,Yamaha MT-07,7749,231,922.59,14
2026-03-17,Google Ads,Yamaha NMAX 160,4138,174,602.48,14
2026-03-17,Google Ads,Yamaha Crosser 150,3119,181,474.14,9
2026-03-17,Google Ads,Yamaha Fazer 250,9732,737,2026.19,99
2026-03-18,Meta Ads,Yamaha MT-07,5895,308,374.21,43
2026-03-18,Meta Ads,Yamaha NMAX 160,1212,67,163.97,9
2026-03-18,Meta Ads,Yamaha Crosser 150,7298,238,788.43,12
2026-03-18,Meta Ads,Yamaha Fazer 250,1122,74,245.74,10
2026-03-18,Google Ads,Yamaha MT-07,6550,228,889.87,29
2026-03-18,Google Ads,Yamaha NMAX 160,3533,238,837.86,12
2026-03-18,Google Ads,Yamaha Crosser 150,3985,206,510.39,24
2026-03-18,Google Ads,Yamaha Fazer 250,6067,373,865.28,27
2026-03-19,Meta Ads,Yamaha MT-07,5098,152,419.89,18
2026-03-19,Meta Ads,Yamaha NMAX 160,3001,220,809.79,11
2026-03-19,Meta Ads,Yamaha Crosser 150,6338,149,371.79,20
2026-03-19,Meta Ads,Yamaha Fazer 250,4486,205,389.51,16
2026-03-19,Google Ads,Yamaha MT-07,1684,127,313.51,7
2026-03-19,Google Ads,Yamaha NMAX 160,5268,339,1394.0,23
2026-03-19,Google Ads,Yamaha Crosser 150,6389,388,1724.05,40
2026-03-19,Google Ads,Yamaha Fazer 250,5430,348,871.67,18
2026-03-20,Meta Ads,Yamaha MT-07,8594,253,367.89,35
2026-03-20,Meta Ads,Yamaha NMAX 160,5646,277,625.91,23
2026-03-20,Meta Ads,Yamaha Crosser 150,7729,283,565.74,38
2026-03-20,Meta Ads,Yamaha Fazer 250,6521,138,255.69,13
2026-03-20,Google Ads,Yamaha MT-07,4062,321,868.51,19
2026-03-20,Google Ads,Yamaha NMAX 160,1963,136,332.25,6
2026-03-20,Google Ads,Yamaha Crosser 150,9483,447,1843.02,39
2026-03-20,Google Ads,Yamaha Fazer 250,9141,236,898.13,20
2026-03-21,Meta Ads,Yamaha MT-07,1978,150,334.06,15
2026-03-21,Meta Ads,Yamaha NMAX 160,5323,410,788.67,34
2026-03-21,Meta Ads,Yamaha Crosser 150,7449,192,533.95,27
2026-03-21,Meta Ads,Yamaha Fazer 250,3843,119,204.76,6
2026-03-21,Google Ads,Yamaha MT-07,4655,318,873.43,38
2026-03-21,Google Ads,Yamaha NMAX 160,3963,261,741.64,33
2026-03-21,Google Ads,Yamaha Crosser 150,1446,56,108.61,7
2026-03-21,Google Ads,Yamaha Fazer 250,5735,185,379.17,24
2026-03-22,Meta Ads,Yamaha MT-07,4100,102,303.31,11
2026-03-22,Meta Ads,Yamaha NMAX 160,5311,174,340.38,14
2026-03-22,Meta Ads,Yamaha Crosser 150,3811,143,475.85,19
2026-03-22,Meta Ads,Yamaha Fazer 250,1244,67,291.21,5
2026-03-22,Google Ads,Yamaha MT-07,5869,362,1279.22,31
2026-03-22,Google Ads,Yamaha NMAX 160,3343,166,473.34,19
2026-03-22,Google Ads,Yamaha Crosser 150,1158,64,197.51,4
2026-03-22,Google Ads,Yamaha Fazer 250,4485,228,619.78,21
2026-03-23,Meta Ads,Yamaha MT-07,3173,136,291.56,11
2026-03-23,Meta Ads,Yamaha NMAX 160,4964,207,428.99,10
2026-03-23,Meta Ads,Yamaha Crosser 150,3312,221,319.41,18
2026-03-23,Meta Ads,Yamaha Fazer 250,6709,448,1606.34,46
2026-03-23,Google Ads,Yamaha MT-07,4682,236,702.05,17
2026-03-23,Google Ads,Yamaha NMAX 160,3812,112,240.64,9
2026-03-23,Google Ads,Yamaha Crosser 150,8026,641,1866.55,93
2026-03-23,Google Ads,Yamaha Fazer 250,8701,683,2834.84,48
2026-03-24,Meta Ads,Yamaha MT-07,9889,259,557.3,38
2026-03-24,Meta Ads,Yamaha NMAX 160,6819,276,800.13,37
2026-03-24,Meta Ads,Yamaha Crosser 150,4166,181,641.7,19
2026-03-24,Meta Ads,Yamaha Fazer 250,1076,46,180.38,5
2026-03-24,Google Ads,Yamaha MT-07,9946,576,1710.61,60
2026-03-24,Google Ads,Yamaha NMAX 160,5406,126,408.42,16
2026-03-24,Google Ads,Yamaha Crosser 150,6518,233,637.46,32
2026-03-24,Google Ads,Yamaha Fazer 250,6018,453,915.58,33
2026-03-25,Meta Ads,Yamaha MT-07,2454,185,416.62,12
2026-03-25,Meta Ads,Yamaha NMAX 160,3614,215,647.55,16
2026-03-25,Meta Ads,Yamaha Crosser 150,9764,255,307.0,18
2026-03-25,Meta Ads,Yamaha Fazer 250,7139,216,581.75,17
2026-03-25,Google Ads,Yamaha MT-07,4530,260,999.55,32
2026-03-25,Google Ads,Yamaha NMAX 160,6694,219,507.85,22
2026-03-25,Google Ads,Yamaha Crosser 150,9362,319,854.8,41
2026-03-25,Google Ads,Yamaha Fazer 250,3621,177,737.72,19
2026-03-26,Meta Ads,Yamaha MT-07,3373,195,445.04,15
2026-03-26,Meta Ads,Yamaha NMAX 160,2997,129,373.86,12
2026-03-26,Meta Ads,Yamaha Crosser 150,6321,249,1014.68,21
2026-03-26,Meta Ads,Yamaha Fazer 250,1799,75,267.18,5
2026-03-26,Google Ads,Yamaha MT-07,1723,42,147.47,2
2026-03-26,Google Ads,Yamaha NMAX 160,6960,300,1328.84,22
2026-03-26,Google Ads,Yamaha Crosser 150,5414,297,456.94,36
2026-03-26,Google Ads,Yamaha Fazer 250,2579,71,239.53,5
2026-03-27,Meta Ads,Yamaha MT-07,9307,637,2233.47,70
2026-03-27,Meta Ads,Yamaha NMAX 160,3249,178,333.5,23
2026-03-27,Meta Ads,Yamaha Crosser 150,3758,91,253.55,7
2026-03-27,Meta Ads,Yamaha Fazer 250,9862,521,1865.64,43
2026-03-27,Google Ads,Yamaha MT-07,5339,173,246.24,14
2026-03-27,Google Ads,Yamaha NMAX 160,3036,74,99.76,4
2026-03-27,Google Ads,Yamaha Crosser 150,3157,217,282.66,11
2026-03-27,Google Ads,Yamaha Fazer 250,8230,513,1811.97,75
2026-03-28,Meta Ads,Yamaha MT-07,4314,158,454.06,8
2026-03-28,Meta Ads,Yamaha NMAX 160,9446,365,1442.6,35
2026-03-28,Meta Ads,Yamaha Crosser 150,2825,156,440.81,20
2026-03-28,Meta Ads,Yamaha Fazer 250,2441,148,641.54,11
2026-03-28,Google Ads,Yamaha MT-07,6445,428,696.22,40
2026-03-28,Google Ads,Yamaha NMAX 160,9601,623,1984.33,53
2026-03-28,Google Ads,Yamaha Crosser 150,7789,261,628.48,21
2026-03-28,Google Ads,Yamaha Fazer 250,4108,261,556.65,28
2026-03-29,Meta Ads,Yamaha MT-07,5352,358,463.73,45
2026-03-29,Meta Ads,Yamaha NMAX 160,7024,362,782.04,47
2026-03-29,Meta Ads,Yamaha Crosser 150,7514,306,931.4,32
2026-03-29,Meta Ads,Yamaha Fazer 250,7136,456,1351.67,26
2026-03-29,Google Ads,Yamaha MT-07,2801,110,291.41,8
2026-03-29,Google Ads,Yamaha NMAX 160,9679,232,326.79,17
2026-03-29,Google Ads,Yamaha Crosser 150,2516,75,192.57,6
2026-03-29,Google Ads,Yamaha Fazer 250,7640,166,212.68,10
2026-03-30,Meta Ads,Yamaha MT-07,7070,204,917.51,23
2026-03-30,Meta Ads,Yamaha NMAX 160,4096,268,708.38,14
2026-03-30,Meta Ads,Yamaha Crosser 150,3309,219,765.47,18
2026-03-30,Meta Ads,Yamaha Fazer 250,3281,242,448.6,14
2026-03-30,Google Ads,Yamaha MT-07,7968,240,962.46,30
2026-03-30,Google Ads,Yamaha NMAX 160,7795,424,677.56,28
2026-03-30,Google Ads,Yamaha Crosser 150,9070,542,1321.51,30
2026-03-30,Google Ads,Yamaha Fazer 250,9075,192,615.9,28
2026-03-31,Meta Ads,Yamaha MT-07,9752,562,1380.4,72
2026-03-31,Meta Ads,Yamaha NMAX 160,6930,367,1469.44,51
2026-03-31,Meta Ads,Yamaha Crosser 150,3395,116,191.95,11
2026-03-31,Meta Ads,Yamaha Fazer 250,1529,47,58.14,4
2026-03-31,Google Ads,Yamaha MT-07,1660,120,537.25,7
2026-03-31,Google Ads,Yamaha NMAX 160,7345,374,462.29,48
2026-03-31,Google Ads,Yamaha Crosser 150,7401,313,516.84,29
2026-03-31,Google Ads,Yamaha Fazer 250,1765,75,105.96,11
2026-04-01,Meta Ads,Yamaha MT-07,3345,189,490.71,26
2026-04-01,Meta Ads,Yamaha NMAX 160,6357,262,699.31,38
2026-04-01,Meta Ads,Yamaha Crosser 150,6164,434,1480.65,49
2026-04-01,Meta Ads,Yamaha Fazer 250,7668,398,1503.08,56
2026-04-01,Google Ads,Yamaha MT-07,2391,95,374.41,9
2026-04-01,Google Ads,Yamaha NMAX 160,7110,339,1014.1,50
2026-04-01,Google Ads,Yamaha Crosser 150,5109,279,392.34,18
2026-04-01,Google Ads,Yamaha Fazer 250,4238,296,1114.33,37
2026-04-02,Meta Ads,Yamaha MT-07,6489,437,1004.8,29
2026-04-02,Meta Ads,Yamaha NMAX 160,2752,98,300.37,7
2026-04-02,Meta Ads,Yamaha Crosser 150,1982,128,271.84,14
2026-04-02,Meta Ads,Yamaha Fazer 250,5289,106,384.22,14
2026-04-02,Google Ads,Yamaha MT-07,5547,200,451.99,20
2026-04-02,Google Ads,Yamaha NMAX 160,1327,83,140.07,6
2026-04-02,Google Ads,Yamaha Crosser 150,9356,576,697.11,60
2026-04-02,Google Ads,Yamaha Fazer 250,8108,389,554.15,27
2026-04-03,Meta Ads,Yamaha MT-07,2656,194,868.01,10
2026-04-03,Meta Ads,Yamaha NMAX 160,5571,399,1026.13,41
2026-04-03,Meta Ads,Yamaha Crosser 150,5232,153,662.88,15
2026-04-03,Meta Ads,Yamaha Fazer 250,6749,267,1015.22,32
2026-04-03,Google Ads,Yamaha MT-07,3845,151,513.96,12
2026-04-03,Google Ads,Yamaha NMAX 160,2894,82,269.82,7
2026-04-03,Google Ads,Yamaha Crosser 150,2026,82,333.86,11
2026-04-03,Google Ads,Yamaha Fazer 250,5945,365,1467.69,42
2026-04-04,Meta Ads,Yamaha MT-07,4289,244,507.75,18
2026-04-04,Meta Ads,Yamaha NMAX 160,4703,273,1096.76,19
2026-04-04,Meta Ads,Yamaha Crosser 150,2425,122,324.42,10
2026-04-04,Meta Ads,Yamaha Fazer 250,2289,140,517.68,9
2026-04-04,Google Ads,Yamaha MT-07,4518,195,574.48,10
2026-04-04,Google Ads,Yamaha NMAX 160,7463,481,1448.53,51
2026-04-04,Google Ads,Yamaha Crosser 150,1911,57,234.77,6
2026-04-04,Google Ads,Yamaha Fazer 250,9067,262,335.68,33
2026-04-05,Meta Ads,Yamaha MT-07,4144,149,641.53,14
2026-04-05,Meta Ads,Yamaha NMAX 160,5876,385,858.56,46
2026-04-05,Meta Ads,Yamaha Crosser 150,4198,264,709.54,35
2026-04-05,Meta Ads,Yamaha Fazer 250,4838,115,473.36,14
2026-04-05,Google Ads,Yamaha MT-07,9567,675,1986.24,42
2026-04-05,Google Ads,Yamaha NMAX 160,7761,596,1741.64,42
2026-04-05,Google Ads,Yamaha Crosser 150,1303,96,367.83,13
2026-04-05,Google Ads,Yamaha Fazer 250,3240,139,339.78,10
2026-04-06,Meta Ads,Yamaha MT-07,4628,345,548.04,23
2026-04-06,Meta Ads,Yamaha NMAX 160,6020,172,410.19,15
2026-04-06,Meta Ads,Yamaha Crosser 150,7690,373,542.17,37
2026-04-06,Meta Ads,Yamaha Fazer 250,7679,183,413.77,15
2026-04-06,Google Ads,Yamaha MT-07,4206,318,703.31,42
2026-04-06,Google Ads,Yamaha NMAX 160,2500,144,641.3,12
2026-04-06,Google Ads,Yamaha Crosser 150,8874,704,2016.62,37
2026-04-06,Google Ads,Yamaha Fazer 250,3497,119,152.32,10
2026-04-07,Meta Ads,Yamaha MT-07,6991,339,1018.11,37
2026-04-07,Meta Ads,Yamaha NMAX 160,5803,130,234.09,10
2026-04-07,Meta Ads,Yamaha Crosser 150,5852,300,1070.79,41
2026-04-07,Meta Ads,Yamaha Fazer 250,9982,341,1441.99,19
2026-04-07,Google Ads,Yamaha MT-07,1368,58,145.85,3
2026-04-07,Google Ads,Yamaha NMAX 160,2647,60,188.76,3
2026-04-07,Google Ads,Yamaha Crosser 150,7022,263,452.1,27
2026-04-07,Google Ads,Yamaha Fazer 250,4781,203,568.66,20
2026-04-08,Meta Ads,Yamaha MT-07,4507,192,344.29,19
2026-04-08,Meta Ads,Yamaha NMAX 160,8986,378,739.03,31
2026-04-08,Meta Ads,Yamaha Crosser 150,5109,226,327.62,24
2026-04-08,Meta Ads,Yamaha Fazer 250,8301,589,2318.75,57
2026-04-08,Google Ads,Yamaha MT-07,3499,76,239.55,9
2026-04-08,Google Ads,Yamaha NMAX 160,5621,314,950.08,34
2026-04-08,Google Ads,Yamaha Crosser 150,2032,104,300.52,11
2026-04-08,Google Ads,Yamaha Fazer 250,4675,321,1208.48,21
2026-04-09,Meta Ads,Yamaha MT-07,7074,186,746.3,12
2026-04-09,Meta Ads,Yamaha NMAX 160,8001,253,358.92,28
2026-04-09,Meta Ads,Yamaha Crosser 150,3940,116,456.64,9
2026-04-09,Meta Ads,Yamaha Fazer 250,7335,484,2152.14,47
2026-04-09,Google Ads,Yamaha MT-07,1259,27,96.7,2
2026-04-09,Google Ads,Yamaha NMAX 160,4905,177,451.2,21
2026-04-09,Google Ads,Yamaha Crosser 150,4096,206,418.46,28
2026-04-09,Google Ads,Yamaha Fazer 250,9374,220,776.44,19
2026-04-10,Meta Ads,Yamaha MT-07,2962,151,675.66,13
2026-04-10,Meta Ads,Yamaha NMAX 160,1679,115,226.41,9
2026-04-10,Meta Ads,Yamaha Crosser 150,8776,224,463.24,13
2026-04-10,Meta Ads,Yamaha Fazer 250,3835,270,894.65,13
2026-04-10,Google Ads,Yamaha MT-07,2786,200,830.83,11
2026-04-10,Google Ads,Yamaha NMAX 160,6478,202,892.13,17
2026-04-10,Google Ads,Yamaha Crosser 150,3876,215,524.1,19
2026-04-10,Google Ads,Yamaha Fazer 250,4112,101,236.08,13
2026-04-11,Meta Ads,Yamaha MT-07,5630,415,628.36,56
2026-04-11,Meta Ads,Yamaha NMAX 160,9895,664,2549.55,89
2026-04-11,Meta Ads,Yamaha Crosser 150,3125,230,1003.49,21
2026-04-11,Meta Ads,Yamaha Fazer 250,4472,150,631.45,15
2026-04-11,Google Ads,Yamaha MT-07,4916,204,754.28,16
2026-04-11,Google Ads,Yamaha NMAX 160,5014,400,525.85,53
2026-04-11,Google Ads,Yamaha Crosser 150,1761,75,127.92,7
2026-04-11,Google Ads,Yamaha Fazer 250,3128,153,257.32,14
2026-04-12,Meta Ads,Yamaha MT-07,2821,68,106.71,7
2026-04-12,Meta Ads,Yamaha NMAX 160,3524,218,652.24,24
2026-04-12,Meta Ads,Yamaha Crosser 150,6357,185,374.17,21
2026-04-12,Meta Ads,Yamaha Fazer 250,6400,498,2016.98,65
2026-04-12,Google Ads,Yamaha MT-07,8092,276,464.02,14
2026-04-12,Google Ads,Yamaha NMAX 160,7659,365,903.02,30
2026-04-12,Google Ads,Yamaha Crosser 150,3157,105,370.59,9
2026-04-12,Google Ads,Yamaha Fazer 250,7674,516,1794.32,70
2026-04-13,Meta Ads,Yamaha MT-07,3340,249,923.86,15
2026-04-13,Meta Ads,Yamaha NMAX 160,9456,660,2374.82,41
2026-04-13,Meta Ads,Yamaha Crosser 150,8058,399,1614.76,46
2026-04-13,Meta Ads,Yamaha Fazer 250,6391,455,1225.9,68
2026-04-13,Google Ads,Yamaha MT-07,1728,95,262.14,7
2026-04-13,Google Ads,Yamaha NMAX 160,6825,324,761.44,42
2026-04-13,Google Ads,Yamaha Crosser 150,5237,104,237.62,7
2026-04-13,Google Ads,Yamaha Fazer 250,4460,248,631.1,22
2026-04-14,Meta Ads,Yamaha MT-07,4856,130,303.14,14
2026-04-14,Meta Ads,Yamaha NMAX 160,2724,173,688.58,24
2026-04-14,Meta Ads,Yamaha Crosser 150,1606,71,224.21,6
2026-04-14,Meta Ads,Yamaha Fazer 250,6318,448,1883.64,30
2026-04-14,Google Ads,Yamaha MT-07,3067,79,248.91,9
2026-04-14,Google Ads,Yamaha NMAX 160,7832,617,1311.81,34
2026-04-14,Google Ads,Yamaha Crosser 150,3655,246,728.16,22
2026-04-14,Google Ads,Yamaha Fazer 250,5699,382,1193.37,28
2026-04-15,Meta Ads,Yamaha MT-07,8694,529,1120.88,29
2026-04-15,Meta Ads,Yamaha NMAX 160,7099,468,1961.49,59
2026-04-15,Meta Ads,Yamaha Crosser 150,5623,376,1498.57,43
2026-04-15,Meta Ads,Yamaha Fazer 250,9920,203,676.3,23
2026-04-15,Google Ads,Yamaha MT-07,6596,286,1218.85,17
2026-04-15,Google Ads,Yamaha NMAX 160,9102,387,905.08,51
2026-04-15,Google Ads,Yamaha Crosser 150,8402,447,1547.56,37
2026-04-15,Google Ads,Yamaha Fazer 250,5008,216,509.88,29
2026-04-16,Meta Ads,Yamaha MT-07,6910,297,1091.32,36
2026-04-16,Meta Ads,Yamaha NMAX 160,2405,159,570.08,20
2026-04-16,Meta Ads,Yamaha Crosser 150,5919,237,450.09,12
2026-04-16,Meta Ads,Yamaha Fazer 250,6126,239,795.19,19
2026-04-16,Google Ads,Yamaha MT-07,9263,500,815.66,35
2026-04-16,Google Ads,Yamaha NMAX 160,9004,586,2038.29,82
2026-04-16,Google Ads,Yamaha Crosser 150,9334,234,698.16,32
2026-04-16,Google Ads,Yamaha Fazer 250,6503,184,321.23,13
2026-04-17,Meta Ads,Yamaha MT-07,6005,431,716.68,23
2026-04-17,Meta Ads,Yamaha NMAX 160,2521,184,474.4,18
2026-04-17,Meta Ads,Yamaha Crosser 150,5074,341,437.3,49
2026-04-17,Meta Ads,Yamaha Fazer 250,6335,330,777.92,43
2026-04-17,Google Ads,Yamaha MT-07,5080,188,750.46,27
2026-04-17,Google Ads,Yamaha NMAX 160,8212,568,1991.13,39
2026-04-17,Google Ads,Yamaha Crosser 150,7056,240,467.88,29
2026-04-17,Google Ads,Yamaha Fazer 250,8918,706,1954.31,72
2026-04-18,Meta Ads,Yamaha MT-07,2707,158,396.16,17
2026-04-18,Meta Ads,Yamaha NMAX 160,5612,339,1468.4,29
2026-04-18,Meta Ads,Yamaha Crosser 150,3923,271,663.77,17
2026-04-18,Meta Ads,Yamaha Fazer 250,3514,176,331.34,25
2026-04-18,Google Ads,Yamaha MT-07,1577,92,404.14,10
2026-04-18,Google Ads,Yamaha NMAX 160,8715,329,1404.53,40
2026-04-18,Google Ads,Yamaha Crosser 150,6446,281,965.18,36
2026-04-18,Google Ads,Yamaha Fazer 250,2266,175,361.19,14
2026-04-19,Meta Ads,Yamaha MT-07,7989,564,865.49,30
2026-04-19,Meta Ads,Yamaha NMAX 160,8519,180,614.26,26
2026-04-19,Meta Ads,Yamaha Crosser 150,2407,145,536.3,12
2026-04-19,Meta Ads,Yamaha Fazer 250,3177,102,156.83,11
2026-04-19,Google Ads,Yamaha MT-07,1120,42,129.1,4
2026-04-19,Google Ads,Yamaha NMAX 160,3805,248,666.45,36
2026-04-19,Google Ads,Yamaha Crosser 150,1817,90,165.91,12
2026-04-19,Google Ads,Yamaha Fazer 250,8084,624,2263.09,76
2026-04-20,Meta Ads,Yamaha MT-07,7248,454,1612.59,42
2026-04-20,Meta Ads,Yamaha NMAX 160,9268,739,936.34,99
2026-04-20,Meta Ads,Yamaha Crosser 150,7446,334,1380.49,28
2026-04-20,Meta Ads,Yamaha Fazer 250,2244,90,191.99,10
2026-04-20,Google Ads,Yamaha MT-07,6287,359,737.96,31
2026-04-20,Google Ads,Yamaha NMAX 160,1692,44,106.33,4
2026-04-20,Google Ads,Yamaha Crosser 150,9254,720,1491.81,103
2026-04-20,Google Ads,Yamaha Fazer 250,2510,158,304.32,21
2026-04-21,Meta Ads,Yamaha MT-07,1158,28,92.29,2
2026-04-21,Meta Ads,Yamaha NMAX 160,9929,563,835.03,71
2026-04-21,Meta Ads,Yamaha Crosser 150,1143,54,176.83,6
2026-04-21,Meta Ads,Yamaha Fazer 250,5803,359,673.64,51
2026-04-21,Google Ads,Yamaha MT-07,6722,236,621.51,22
2026-04-21,Google Ads,Yamaha NMAX 160,2515,95,409.27,14
2026-04-21,Google Ads,Yamaha Crosser 150,7495,312,619.49,46
2026-04-21,Google Ads,Yamaha Fazer 250,3117,176,424.39,9
2026-04-22,Meta Ads,Yamaha MT-07,3437,248,343.68,28
2026-04-22,Meta Ads,Yamaha NMAX 160,1174,80,342.56,11
2026-04-22,Meta Ads,Yamaha Crosser 150,6951,286,611.19,32
2026-04-22,Meta Ads,Yamaha Fazer 250,8246,351,601.77,46
2026-04-22,Google Ads,Yamaha MT-07,5624,202,768.19,17
2026-04-22,Google Ads,Yamaha NMAX 160,9931,681,2503.32,77
2026-04-22,Google Ads,Yamaha Crosser 150,1907,121,535.87,12
2026-04-22,Google Ads,Yamaha Fazer 250,8559,498,1094.58,65
2026-04-23,Meta Ads,Yamaha MT-07,9938,435,1305.9,47
2026-04-23,Meta Ads,Yamaha NMAX 160,8773,402,854.41,31
2026-04-23,Meta Ads,Yamaha Crosser 150,3792,144,354.85,18
2026-04-23,Meta Ads,Yamaha Fazer 250,5906,437,1238.81,52
2026-04-23,Google Ads,Yamaha MT-07,4973,188,252.0,22
2026-04-23,Google Ads,Yamaha NMAX 160,8999,397,1369.5,45
2026-04-23,Google Ads,Yamaha Crosser 150,9756,699,1059.23,85
2026-04-23,Google Ads,Yamaha Fazer 250,1607,111,305.52,13
2026-04-24,Meta Ads,Yamaha MT-07,4672,186,361.26,26
2026-04-24,Meta Ads,Yamaha NMAX 160,2156,82,109.78,7
2026-04-24,Meta Ads,Yamaha Crosser 150,4933,110,388.59,9
2026-04-24,Meta Ads,Yamaha Fazer 250,3415,187,596.13,17
2026-04-24,Google Ads,Yamaha MT-07,8132,267,633.64,30
2026-04-24,Google Ads,Yamaha NMAX 160,1913,68,260.77,4
2026-04-24,Google Ads,Yamaha Crosser 150,5017,255,711.36,18
2026-04-24,Google Ads,Yamaha Fazer 250,2571,204,800.79,21
2026-04-25,Meta Ads,Yamaha MT-07,3479,195,761.0,27
2026-04-25,Meta Ads,Yamaha NMAX 160,2913,156,301.31,22
2026-04-25,Meta Ads,Yamaha Crosser 150,3743,156,431.28,19
2026-04-25,Meta Ads,Yamaha Fazer 250,5736,282,1114.93,41
2026-04-25,Google Ads,Yamaha MT-07,8727,367,650.58,42
2026-04-25,Google Ads,Yamaha NMAX 160,7523,579,833.29,49
2026-04-25,Google Ads,Yamaha Crosser 150,8667,344,680.67,51
2026-04-25,Google Ads,Yamaha Fazer 250,4367,213,595.15,30
2026-04-26,Meta Ads,Yamaha MT-07,5102,341,1197.49,20
2026-04-26,Meta Ads,Yamaha NMAX 160,2427,73,140.02,7
2026-04-26,Meta Ads,Yamaha Crosser 150,9655,701,2344.35,67
2026-04-26,Meta Ads,Yamaha Fazer 250,8100,597,850.06,35
2026-04-26,Google Ads,Yamaha MT-07,5890,329,681.03,21
2026-04-26,Google Ads,Yamaha NMAX 160,2276,99,202.02,6
2026-04-26,Google Ads,Yamaha Crosser 150,5093,224,695.88,17
2026-04-26,Google Ads,Yamaha Fazer 250,4704,345,1139.42,26
2026-04-27,Meta Ads,Yamaha MT-07,4884,382,1080.94,44
2026-04-27,Meta Ads,Yamaha NMAX 160,4815,347,1378.04,19
2026-04-27,Meta Ads,Yamaha Crosser 150,3587,128,254.06,18
2026-04-27,Meta Ads,Yamaha Fazer 250,8758,636,1189.42,52
2026-04-27,Google Ads,Yamaha MT-07,9759,472,1639.61,56
2026-04-27,Google Ads,Yamaha NMAX 160,4821,265,461.05,15
2026-04-27,Google Ads,Yamaha Crosser 150,9532,452,786.92,65
2026-04-27,Google Ads,Yamaha Fazer 250,1592,79,145.24,9
2026-04-28,Meta Ads,Yamaha MT-07,3998,246,393.52,25
2026-04-28,Meta Ads,Yamaha NMAX 160,6108,462,556.48,66
2026-04-28,Meta Ads,Yamaha Crosser 150,5555,426,1449.09,46
2026-04-28,Meta Ads,Yamaha Fazer 250,3974,91,274.22,5
2026-04-28,Google Ads,Yamaha MT-07,2248,46,192.3,2
2026-04-28,Google Ads,Yamaha NMAX 160,5802,167,213.43,24
2026-04-28,Google Ads,Yamaha Crosser 150,5590,234,596.16,17
2026-04-28,Google Ads,Yamaha Fazer 250,5969,305,1369.16,25
2026-04-29,Meta Ads,Yamaha MT-07,8492,493,1541.4,35
2026-04-29,Meta Ads,Yamaha NMAX 160,3232,243,943.53,17
2026-04-29,Meta Ads,Yamaha Crosser 150,7040,382,1034.92,48
2026-04-29,Meta Ads,Yamaha Fazer 250,7176,308,959.46,37
2026-04-29,Google Ads,Yamaha MT-07,7591,354,1263.75,21
2026-04-29,Google Ads,Yamaha NMAX 160,3921,179,499.05,23
2026-04-29,Google Ads,Yamaha Crosser 150,5073,236,501.54,25
2026-04-29,Google Ads,Yamaha Fazer 250,7490,411,799.89,22
2026-04-30,Meta Ads,Yamaha MT-07,5084,311,1213.7,35
2026-04-30,Meta Ads,Yamaha NMAX 160,8076,265,1030.14,31
2026-04-30,Meta Ads,Yamaha Crosser 150,7216,247,415.34,34
2026-04-30,Meta Ads,Yamaha Fazer 250,3053,107,254.92,7
2026-04-30,Google Ads,Yamaha MT-07,3077,182,309.82,23
2026-04-30,Google Ads,Yamaha NMAX 160,9916,502,2152.46,56
2026-04-30,Google Ads,Yamaha Crosser 150,1531,88,167.86,7
2026-04-30,Google Ads,Yamaha Fazer 250,1799,68,232.98,9
2026-05-01,Meta Ads,Yamaha MT-07,2699,99,402.03,7
2026-05-01,Meta Ads,Yamaha NMAX 160,3727,182,588.46,10
2026-05-01,Meta Ads,Yamaha Crosser 150,5632,371,1544.83,50
2026-05-01,Meta Ads,Yamaha Fazer 250,9470,455,1631.69,60
2026-05-01,Google Ads,Yamaha MT-07,6804,357,1047.56,52
2026-05-01,Google Ads,Yamaha NMAX 160,4653,187,490.52,26
2026-05-01,Google Ads,Yamaha Crosser 150,3447,198,578.62,21
2026-05-01,Google Ads,Yamaha Fazer 250,6600,447,1192.81,43
2026-05-02,Meta Ads,Yamaha MT-07,2177,171,330.7,20
2026-05-02,Meta Ads,Yamaha NMAX 160,2515,75,147.31,7
2026-05-02,Meta Ads,Yamaha Crosser 150,9283,640,2871.76,34
2026-05-02,Meta Ads,Yamaha Fazer 250,8313,486,1766.12,30
2026-05-02,Google Ads,Yamaha MT-07,3517,107,439.49,9
2026-05-02,Google Ads,Yamaha NMAX 160,3384,105,140.06,10
2026-05-02,Google Ads,Yamaha Crosser 150,8915,351,986.38,41
2026-05-02,Google Ads,Yamaha Fazer 250,9108,458,1529.62,62
2026-05-03,Meta Ads,Yamaha MT-07,6592,133,294.79,19
2026-05-03,Meta Ads,Yamaha NMAX 160,4460,328,1273.7,21
2026-05-03,Meta Ads,Yamaha Crosser 150,5774,233,678.86,28
2026-05-03,Meta Ads,Yamaha Fazer 250,8543,524,2107.43,58
2026-05-03,Google Ads,Yamaha MT-07,6933,259,587.09,16
2026-05-03,Google Ads,Yamaha NMAX 160,2673,146,523.15,9
2026-05-03,Google Ads,Yamaha Crosser 150,2709,135,249.63,14
2026-05-03,Google Ads,Yamaha Fazer 250,4074,265,484.78,20
2026-05-04,Meta Ads,Yamaha MT-07,8079,470,1712.37,25
2026-05-04,Meta Ads,Yamaha NMAX 160,6674,282,661.25,25
2026-05-04,Meta Ads,Yamaha Crosser 150,5244,221,781.0,29
2026-05-04,Meta Ads,Yamaha Fazer 250,7805,546,1530.48,40
2026-05-04,Google Ads,Yamaha MT-07,5321,324,1252.68,45
2026-05-04,Google Ads,Yamaha NMAX 160,6714,268,984.75,30
2026-05-04,Google Ads,Yamaha Crosser 150,8403,659,1939.21,57
2026-05-04,Google Ads,Yamaha Fazer 250,2122,94,171.23,9
2026-05-05,Meta Ads,Yamaha MT-07,1125,62,150.77,8
2026-05-05,Meta Ads,Yamaha NMAX 160,5819,442,1097.32,64
2026-05-05,Meta Ads,Yamaha Crosser 150,2569,153,410.0,10
2026-05-05,Meta Ads,Yamaha Fazer 250,5096,263,767.83,15
2026-05-05,Google Ads,Yamaha MT-07,7294,483,1581.29,42
2026-05-05,Google Ads,Yamaha NMAX 160,4223,285,939.76,26
2026-05-05,Google Ads,Yamaha Crosser 150,2261,174,659.95,14
2026-05-05,Google Ads,Yamaha Fazer 250,4481,267,539.46,25
2026-05-06,Meta Ads,Yamaha MT-07,5461,356,1569.64,36
2026-05-06,Meta Ads,Yamaha NMAX 160,7093,323,849.36,27
2026-05-06,Meta Ads,Yamaha Crosser 150,1901,78,185.61,9
2026-05-06,Meta Ads,Yamaha Fazer 250,1814,86,370.84,11
2026-05-06,Google Ads,Yamaha MT-07,1682,72,263.3,8
2026-05-06,Google Ads,Yamaha NMAX 160,9000,533,1925.1,67
2026-05-06,Google Ads,Yamaha Crosser 150,9210,468,1839.12,57
2026-05-06,Google Ads,Yamaha Fazer 250,4536,109,280.52,9
2026-05-07,Meta Ads,Yamaha MT-07,3092,102,350.94,11
2026-05-07,Meta Ads,Yamaha NMAX 160,9560,698,1820.45,53
2026-05-07,Meta Ads,Yamaha Crosser 150,4558,169,284.87,9
2026-05-07,Meta Ads,Yamaha Fazer 250,5409,358,1604.61,45
2026-05-07,Google Ads,Yamaha MT-07,7168,439,1794.31,60
2026-05-07,Google Ads,Yamaha NMAX 160,1792,130,284.56,10
2026-05-07,Google Ads,Yamaha Crosser 150,3816,177,259.86,19
2026-05-07,Google Ads,Yamaha Fazer 250,3175,169,233.99,15
2026-05-08,Meta Ads,Yamaha MT-07,5388,118,405.05,15
2026-05-08,Meta Ads,Yamaha NMAX 160,8311,422,1406.68,26
2026-05-08,Meta Ads,Yamaha Crosser 150,8682,319,1415.5,29
2026-05-08,Meta Ads,Yamaha Fazer 250,1755,105,414.85,15
2026-05-08,Google Ads,Yamaha MT-07,9343,368,1440.57,48
2026-05-08,Google Ads,Yamaha NMAX 160,1050,73,122.27,6
2026-05-08,Google Ads,Yamaha Crosser 150,3953,314,714.81,22
2026-05-08,Google Ads,Yamaha Fazer 250,2662,205,358.19,19
2026-05-09,Meta Ads,Yamaha MT-07,5513,323,1208.89,47
2026-05-09,Meta Ads,Yamaha NMAX 160,8205,211,466.58,24
2026-05-09,Meta Ads,Yamaha Crosser 150,8165,245,688.58,16
2026-05-09,Meta Ads,Yamaha Fazer 250,9962,668,2933.41,69
2026-05-09,Google Ads,Yamaha MT-07,7280,396,1008.14,53
2026-05-09,Google Ads,Yamaha NMAX 160,5414,384,896.01,56
2026-05-09,Google Ads,Yamaha Crosser 150,8183,621,2481.37,83
2026-05-09,Google Ads,Yamaha Fazer 250,3111,91,132.49,10
2026-05-10,Meta Ads,Yamaha MT-07,3534,78,349.32,7
2026-05-10,Meta Ads,Yamaha NMAX 160,3989,211,340.56,28
2026-05-10,Meta Ads,Yamaha Crosser 150,6724,389,819.56,49
2026-05-10,Meta Ads,Yamaha Fazer 250,8695,522,1106.87,39
2026-05-10,Google Ads,Yamaha MT-07,6306,206,266.61,15
2026-05-10,Google Ads,Yamaha NMAX 160,8888,475,914.94,44
2026-05-10,Google Ads,Yamaha Crosser 150,5399,347,1134.0,26
2026-05-10,Google Ads,Yamaha Fazer 250,8237,197,618.85,11
2026-05-11,Meta Ads,Yamaha MT-07,5836,374,890.08,20
2026-05-11,Meta Ads,Yamaha NMAX 160,2881,214,459.97,16
2026-05-11,Meta Ads,Yamaha Crosser 150,6981,453,1504.91,61
2026-05-11,Meta Ads,Yamaha Fazer 250,4141,149,229.27,19
2026-05-11,Google Ads,Yamaha MT-07,2275,171,209.81,10
2026-05-11,Google Ads,Yamaha NMAX 160,6397,443,1198.6,42
2026-05-11,Google Ads,Yamaha Crosser 150,9756,736,1018.59,74
2026-05-11,Google Ads,Yamaha Fazer 250,4130,260,1041.14,23
2026-05-12,Meta Ads,Yamaha MT-07,4167,243,863.75,29
2026-05-12,Meta Ads,Yamaha NMAX 160,9737,313,489.52,42
2026-05-12,Meta Ads,Yamaha Crosser 150,1978,117,468.85,7
2026-05-12,Meta Ads,Yamaha Fazer 250,6632,438,1448.59,28
2026-05-12,Google Ads,Yamaha MT-07,5043,267,483.24,20
2026-05-12,Google Ads,Yamaha NMAX 160,7396,211,429.14,14
2026-05-12,Google Ads,Yamaha Crosser 150,5163,236,994.22,18
2026-05-12,Google Ads,Yamaha Fazer 250,7649,155,686.73,10
2026-05-13,Meta Ads,Yamaha MT-07,9876,529,2186.33,69
2026-05-13,Meta Ads,Yamaha NMAX 160,6422,246,624.05,31
2026-05-13,Meta Ads,Yamaha Crosser 150,4460,230,346.17,20
2026-05-13,Meta Ads,Yamaha Fazer 250,5269,263,647.94,26
2026-05-13,Google Ads,Yamaha MT-07,8038,366,1223.98,37
2026-05-13,Google Ads,Yamaha NMAX 160,3250,141,428.73,20
2026-05-13,Google Ads,Yamaha Crosser 150,5140,168,329.54,13
2026-05-13,Google Ads,Yamaha Fazer 250,5771,162,220.56,21
2026-05-14,Meta Ads,Yamaha MT-07,6327,435,1420.11,29
2026-05-14,Meta Ads,Yamaha NMAX 160,2108,125,463.29,11
2026-05-14,Meta Ads,Yamaha Crosser 150,7006,330,918.5,38
2026-05-14,Meta Ads,Yamaha Fazer 250,3645,218,647.5,28
2026-05-14,Google Ads,Yamaha MT-07,9419,226,549.14,24
2026-05-14,Google Ads,Yamaha NMAX 160,7412,511,1355.02,71
2026-05-14,Google Ads,Yamaha Crosser 150,6068,419,930.74,30
2026-05-14,Google Ads,Yamaha Fazer 250,2618,198,271.34,15
2026-05-15,Meta Ads,Yamaha MT-07,3607,108,217.45,8
2026-05-15,Meta Ads,Yamaha NMAX 160,2144,45,195.32,4
2026-05-15,Meta Ads,Yamaha Crosser 150,9761,421,1171.09,42
2026-05-15,Meta Ads,Yamaha Fazer 250,5855,159,456.86,19
2026-05-15,Google Ads,Yamaha MT-07,5105,123,416.85,10
2026-05-15,Google Ads,Yamaha NMAX 160,9655,347,1310.31,43
2026-05-15,Google Ads,Yamaha Crosser 150,8769,560,2002.46,33
2026-05-15,Google Ads,Yamaha Fazer 250,8198,226,713.89,15
2026-05-16,Meta Ads,Yamaha MT-07,5852,261,766.24,33
2026-05-16,Meta Ads,Yamaha NMAX 160,3688,133,557.5,11
2026-05-16,Meta Ads,Yamaha Crosser 150,3166,182,466.38,25
2026-05-16,Meta Ads,Yamaha Fazer 250,2890,122,387.64,16
2026-05-16,Google Ads,Yamaha MT-07,7319,247,1004.83,17
2026-05-16,Google Ads,Yamaha NMAX 160,4876,198,563.69,22
2026-05-16,Google Ads,Yamaha Crosser 150,2526,88,227.93,5
2026-05-16,Google Ads,Yamaha Fazer 250,4234,169,489.29,13
2026-05-17,Meta Ads,Yamaha MT-07,4069,278,1160.43,27
2026-05-17,Meta Ads,Yamaha NMAX 160,4499,246,1000.86,25
2026-05-17,Meta Ads,Yamaha Crosser 150,7482,222,769.32,13
2026-05-17,Meta Ads,Yamaha Fazer 250,8125,562,1782.72,37
2026-05-17,Google Ads,Yamaha MT-07,4184,84,171.11,6
2026-05-17,Google Ads,Yamaha NMAX 160,4738,118,331.56,6
2026-05-17,Google Ads,Yamaha Crosser 150,9757,420,1231.38,23
2026-05-17,Google Ads,Yamaha Fazer 250,6801,291,1172.02,30
2026-05-18,Meta Ads,Yamaha MT-07,5012,278,846.49,24
2026-05-18,Meta Ads,Yamaha NMAX 160,6810,399,719.33,57
2026-05-18,Meta Ads,Yamaha Crosser 150,5551,196,597.2,26
2026-05-18,Meta Ads,Yamaha Fazer 250,6069,437,610.09,35
2026-05-18,Google Ads,Yamaha MT-07,5279,185,296.83,20
2026-05-18,Google Ads,Yamaha NMAX 160,4065,321,942.38,34
2026-05-18,Google Ads,Yamaha Crosser 150,4400,234,665.18,33
2026-05-18,Google Ads,Yamaha Fazer 250,7056,469,871.53,35
2026-05-19,Meta Ads,Yamaha MT-07,3211,158,555.36,13
2026-05-19,Meta Ads,Yamaha NMAX 160,9963,583,2001.62,61
2026-05-19,Meta Ads,Yamaha Crosser 150,1900,135,418.06,8
2026-05-19,Meta Ads,Yamaha Fazer 250,2754,92,296.71,6
2026-05-19,Google Ads,Yamaha MT-07,9984,494,1095.79,31
2026-05-19,Google Ads,Yamaha NMAX 160,1368,39,160.45,1
2026-05-19,Google Ads,Yamaha Crosser 150,6045,398,1243.99,40
2026-05-19,Google Ads,Yamaha Fazer 250,5868,364,1095.24,21
2026-05-20,Meta Ads,Yamaha MT-07,9058,428,984.65,48
2026-05-20,Meta Ads,Yamaha NMAX 160,7117,438,806.36,27
2026-05-20,Meta Ads,Yamaha Crosser 150,8892,693,1908.78,50
2026-05-20,Meta Ads,Yamaha Fazer 250,3575,243,577.39,16
2026-05-20,Google Ads,Yamaha MT-07,7228,456,1489.29,27
2026-05-20,Google Ads,Yamaha NMAX 160,4790,256,610.79,34
2026-05-20,Google Ads,Yamaha Crosser 150,5666,426,1617.79,48
2026-05-20,Google Ads,Yamaha Fazer 250,1743,129,571.98,18
2026-05-21,Meta Ads,Yamaha MT-07,9325,653,2209.79,91
2026-05-21,Meta Ads,Yamaha NMAX 160,5832,191,803.08,26
2026-05-21,Meta Ads,Yamaha Crosser 150,2578,165,681.73,8
2026-05-21,Meta Ads,Yamaha Fazer 250,5451,154,630.48,21
2026-05-21,Google Ads,Yamaha MT-07,8113,576,1879.35,74
2026-05-21,Google Ads,Yamaha NMAX 160,4710,177,266.21,12
2026-05-21,Google Ads,Yamaha Crosser 150,7839,603,2673.27,84
2026-05-21,Google Ads,Yamaha Fazer 250,4705,185,235.52,19
2026-05-22,Meta Ads,Yamaha MT-07,6567,336,1241.36,17
2026-05-22,Meta Ads,Yamaha NMAX 160,9495,466,2005.25,56
2026-05-22,Meta Ads,Yamaha Crosser 150,5443,329,1278.11,25
2026-05-22,Meta Ads,Yamaha Fazer 250,7784,435,1260.43,57
2026-05-22,Google Ads,Yamaha MT-07,7847,464,1860.06,66
2026-05-22,Google Ads,Yamaha NMAX 160,9914,655,967.06,63
2026-05-22,Google Ads,Yamaha Crosser 150,6563,448,1795.93,64
2026-05-22,Google Ads,Yamaha Fazer 250,4416,306,550.01,22
2026-05-23,Meta Ads,Yamaha MT-07,1743,45,168.6,4
2026-05-23,Meta Ads,Yamaha NMAX 160,8178,411,1735.17,26
2026-05-23,Meta Ads,Yamaha Crosser 150,9323,462,1322.55,48
2026-05-23,Meta Ads,Yamaha Fazer 250,3141,178,251.48,9
2026-05-23,Google Ads,Yamaha MT-07,1213,27,57.79,3
2026-05-23,Google Ads,Yamaha NMAX 160,3404,246,345.39,21
2026-05-23,Google Ads,Yamaha Crosser 150,3003,158,334.33,8
2026-05-23,Google Ads,Yamaha Fazer 250,3810,210,623.88,19
2026-05-24,Meta Ads,Yamaha MT-07,4012,275,386.48,36
2026-05-24,Meta Ads,Yamaha NMAX 160,6064,159,435.84,18
2026-05-24,Meta Ads,Yamaha Crosser 150,5974,334,736.83,43
2026-05-24,Meta Ads,Yamaha Fazer 250,9902,654,2846.79,52
2026-05-24,Google Ads,Yamaha MT-07,3419,208,301.12,13
2026-05-24,Google Ads,Yamaha NMAX 160,8515,325,939.0,20
2026-05-24,Google Ads,Yamaha Crosser 150,5820,333,1274.26,48
2026-05-24,Google Ads,Yamaha Fazer 250,7788,168,289.73,23
2026-05-25,Meta Ads,Yamaha MT-07,7429,231,981.22,31
2026-05-25,Meta Ads,Yamaha NMAX 160,7860,613,1634.38,90
2026-05-25,Meta Ads,Yamaha Crosser 150,8816,181,221.47,11
2026-05-25,Meta Ads,Yamaha Fazer 250,4332,261,768.84,33
2026-05-25,Google Ads,Yamaha MT-07,7616,518,2193.38,54
2026-05-25,Google Ads,Yamaha NMAX 160,9905,506,1339.36,29
2026-05-25,Google Ads,Yamaha Crosser 150,6662,154,635.15,14
2026-05-25,Google Ads,Yamaha Fazer 250,4089,162,285.7,19
2026-05-26,Meta Ads,Yamaha MT-07,2940,203,294.38,21
2026-05-26,Meta Ads,Yamaha NMAX 160,4939,228,721.88,33
2026-05-26,Meta Ads,Yamaha Crosser 150,6609,427,1603.13,60
2026-05-26,Meta Ads,Yamaha Fazer 250,2747,187,446.17,21
2026-05-26,Google Ads,Yamaha MT-07,9054,389,1304.02,26
2026-05-26,Google Ads,Yamaha NMAX 160,3863,100,444.1,13
2026-05-26,Google Ads,Yamaha Crosser 150,4538,91,228.18,11
2026-05-26,Google Ads,Yamaha Fazer 250,7072,557,1109.19,71
2026-05-27,Meta Ads,Yamaha MT-07,6416,447,720.27,45
2026-05-27,Meta Ads,Yamaha NMAX 160,2802,122,512.67,14
2026-05-27,Meta Ads,Yamaha Crosser 150,2936,180,400.98,22
2026-05-27,Meta Ads,Yamaha Fazer 250,1178,37,159.74,5
2026-05-27,Google Ads,Yamaha MT-07,5356,200,480.41,11
2026-05-27,Google Ads,Yamaha NMAX 160,6531,199,654.57,11
2026-05-27,Google Ads,Yamaha Crosser 150,1789,67,294.18,7
2026-05-27,Google Ads,Yamaha Fazer 250,8707,470,1683.59,42
2026-05-28,Meta Ads,Yamaha MT-07,6584,418,1844.01,43
2026-05-28,Meta Ads,Yamaha NMAX 160,6697,223,821.55,22
2026-05-28,Meta Ads,Yamaha Crosser 150,3740,243,917.12,18
2026-05-28,Meta Ads,Yamaha Fazer 250,2823,84,259.45,7
2026-05-28,Google Ads,Yamaha MT-07,5884,449,1235.82,50
2026-05-28,Google Ads,Yamaha NMAX 160,6933,395,1710.85,24
2026-05-28,Google Ads,Yamaha Crosser 150,6634,250,1070.94,30
2026-05-28,Google Ads,Yamaha Fazer 250,9747,375,588.81,34
2026-05-29,Meta Ads,Yamaha MT-07,9674,471,1680.37,36
2026-05-29,Meta Ads,Yamaha NMAX 160,5435,267,858.5,34
2026-05-29,Meta Ads,Yamaha Crosser 150,5071,174,583.63,22
2026-05-29,Meta Ads,Yamaha Fazer 250,2034,59,243.07,6
2026-05-29,Google Ads,Yamaha MT-07,2485,153,319.75,10
2026-05-29,Google Ads,Yamaha NMAX 160,8121,271,949.06,34
2026-05-29,Google Ads,Yamaha Crosser 150,9492,401,1519.21,53
2026-05-29,Google Ads,Yamaha Fazer 250,8862,333,952.41,17
2026-05-30,Meta Ads,Yamaha MT-07,2500,153,650.08,10
2026-05-30,Meta Ads,Yamaha NMAX 160,5815,253,976.74,24
2026-05-30,Meta Ads,Yamaha Crosser 150,1933,56,90.32,5
2026-05-30,Meta Ads,Yamaha Fazer 250,8178,466,674.3,47
2026-05-30,Google Ads,Yamaha MT-07,8132,645,1621.13,83
2026-05-30,Google Ads,Yamaha NMAX 160,2775,218,361.77,17
2026-05-30,Google Ads,Yamaha Crosser 150,4473,227,720.8,21
2026-05-30,Google Ads,Yamaha Fazer 250,9290,380,1515.37,54
2026-05-31,Meta Ads,Yamaha MT-07,4142,170,577.2,21
2026-05-31,Meta Ads,Yamaha NMAX 160,7572,530,1455.31,56
2026-05-31,Meta Ads,Yamaha Crosser 150,7705,546,2344.47,69
2026-05-31,Meta Ads,Yamaha Fazer 250,1167,75,142.76,6
2026-05-31,Google Ads,Yamaha MT-07,6741,272,771.52,25
2026-05-31,Google Ads,Yamaha NMAX 160,9829,745,2752.92,75
2026-05-31,Google Ads,Yamaha Crosser 150,8505,370,448.01,42
2026-05-31,Google Ads,Yamaha Fazer 250,9858,438,1276.9,40
2026-06-01,Meta Ads,Yamaha MT-07,9897,385,1515.83,38
2026-06-01,Meta Ads,Yamaha NMAX 160,5102,247,904.53,16
2026-06-01,Meta Ads,Yamaha Crosser 150,2156,81,350.44,6
2026-06-01,Meta Ads,Yamaha Fazer 250,7029,240,567.26,12
2026-06-01,Google Ads,Yamaha MT-07,7793,491,1010.7,45
2026-06-01,Google Ads,Yamaha NMAX 160,3848,133,307.64,12
2026-06-01,Google Ads,Yamaha Crosser 150,3650,241,709.01,20
2026-06-01,Google Ads,Yamaha Fazer 250,2494,136,309.39,17
2026-06-02,Meta Ads,Yamaha MT-07,6461,392,679.26,34
2026-06-02,Meta Ads,Yamaha NMAX 160,9511,635,1802.25,43
2026-06-02,Meta Ads,Yamaha Crosser 150,2194,175,248.3,18
2026-06-02,Meta Ads,Yamaha Fazer 250,1045,64,189.03,4
2026-06-02,Google Ads,Yamaha MT-07,2530,135,414.71,11
2026-06-02,Google Ads,Yamaha NMAX 160,6254,411,885.58,43
2026-06-02,Google Ads,Yamaha Crosser 150,8540,511,815.72,56
2026-06-02,Google Ads,Yamaha Fazer 250,9804,419,1176.48,28
2026-06-03,Meta Ads,Yamaha MT-07,9399,653,861.69,54
2026-06-03,Meta Ads,Yamaha NMAX 160,8517,474,1026.43,52
2026-06-03,Meta Ads,Yamaha Crosser 150,8400,269,558.76,19
2026-06-03,Meta Ads,Yamaha Fazer 250,1874,141,581.29,16
2026-06-03,Google Ads,Yamaha MT-07,2724,98,140.41,9
2026-06-03,Google Ads,Yamaha NMAX 160,3031,67,178.48,5
2026-06-03,Google Ads,Yamaha Crosser 150,1149,72,261.28,6
2026-06-03,Google Ads,Yamaha Fazer 250,8893,309,856.24,31
2026-06-04,Meta Ads,Yamaha MT-07,5043,121,186.14,9
2026-06-04,Meta Ads,Yamaha NMAX 160,1959,93,319.0,11
2026-06-04,Meta Ads,Yamaha Crosser 150,9674,418,1454.93,31
2026-06-04,Meta Ads,Yamaha Fazer 250,9370,238,955.71,21
2026-06-04,Google Ads,Yamaha MT-07,5614,193,320.69,26
2026-06-04,Google Ads,Yamaha NMAX 160,1626,47,209.02,6
2026-06-04,Google Ads,Yamaha Crosser 150,5062,275,552.42,31
2026-06-04,Google Ads,Yamaha Fazer 250,3225,133,291.61,19
2026-06-05,Meta Ads,Yamaha MT-07,9356,714,2732.53,53
2026-06-05,Meta Ads,Yamaha NMAX 160,5310,156,486.57,8
2026-06-05,Meta Ads,Yamaha Crosser 150,7093,389,693.39,41
2026-06-05,Meta Ads,Yamaha Fazer 250,8758,286,783.7,24
2026-06-05,Google Ads,Yamaha MT-07,5711,318,543.64,27
2026-06-05,Google Ads,Yamaha NMAX 160,9562,435,1773.43,49
2026-06-05,Google Ads,Yamaha Crosser 150,2645,124,170.54,15
2026-06-05,Google Ads,Yamaha Fazer 250,8165,295,896.73,15
2026-06-06,Meta Ads,Yamaha MT-07,7970,594,2570.75,77
2026-06-06,Meta Ads,Yamaha NMAX 160,1208,89,322.3,5
2026-06-06,Meta Ads,Yamaha Crosser 150,1619,87,335.58,9
2026-06-06,Meta Ads,Yamaha Fazer 250,1163,89,327.41,5
2026-06-06,Google Ads,Yamaha MT-07,3265,158,409.15,14
2026-06-06,Google Ads,Yamaha NMAX 160,5749,219,499.07,27
2026-06-06,Google Ads,Yamaha Crosser 150,7333,482,1881.65,56
2026-06-06,Google Ads,Yamaha Fazer 250,5448,381,978.09,43
2026-06-07,Meta Ads,Yamaha MT-07,7198,240,466.35,18
2026-06-07,Meta Ads,Yamaha NMAX 160,1959,44,159.74,5
2026-06-07,Meta Ads,Yamaha Crosser 150,3394,208,393.37,23
2026-06-07,Meta Ads,Yamaha Fazer 250,2124,108,298.82,8
2026-06-07,Google Ads,Yamaha MT-07,5835,339,812.49,22
2026-06-07,Google Ads,Yamaha NMAX 160,8598,399,1642.35,29
2026-06-07,Google Ads,Yamaha Crosser 150,5046,137,450.31,19
2026-06-07,Google Ads,Yamaha Fazer 250,7029,386,1507.77,54
2026-06-08,Meta Ads,Yamaha MT-07,9117,381,816.84,41
2026-06-08,Meta Ads,Yamaha NMAX 160,5648,437,1330.75,50
2026-06-08,Meta Ads,Yamaha Crosser 150,1546,78,160.71,8
2026-06-08,Meta Ads,Yamaha Fazer 250,2482,70,216.94,6
2026-06-08,Google Ads,Yamaha MT-07,9584,693,1084.59,50
2026-06-08,Google Ads,Yamaha NMAX 160,7239,239,375.55,19
2026-06-08,Google Ads,Yamaha Crosser 150,1691,45,185.83,5
2026-06-08,Google Ads,Yamaha Fazer 250,3748,271,841.31,15
2026-06-09,Meta Ads,Yamaha MT-07,8979,443,661.77,32
2026-06-09,Meta Ads,Yamaha NMAX 160,3379,141,170.87,11
2026-06-09,Meta Ads,Yamaha Crosser 150,3418,259,819.01,32
2026-06-09,Meta Ads,Yamaha Fazer 250,7878,303,490.52,44
2026-06-09,Google Ads,Yamaha MT-07,5427,320,833.81,43
2026-06-09,Google Ads,Yamaha NMAX 160,1800,88,109.49,4
2026-06-09,Google Ads,Yamaha Crosser 150,4256,85,114.31,5
2026-06-09,Google Ads,Yamaha Fazer 250,1771,126,323.93,16
2026-06-10,Meta Ads,Yamaha MT-07,7895,184,492.55,22
2026-06-10,Meta Ads,Yamaha NMAX 160,8401,218,502.73,13
2026-06-10,Meta Ads,Yamaha Crosser 150,4371,277,1209.72,37
2026-06-10,Meta Ads,Yamaha Fazer 250,6024,351,522.22,34
2026-06-10,Google Ads,Yamaha MT-07,8156,340,577.52,47
2026-06-10,Google Ads,Yamaha NMAX 160,9908,282,1017.8,26
2026-06-10,Google Ads,Yamaha Crosser 150,7714,155,470.53,19
2026-06-10,Google Ads,Yamaha Fazer 250,4745,342,761.93,39
2026-06-11,Meta Ads,Yamaha MT-07,4451,91,259.31,7
2026-06-11,Meta Ads,Yamaha NMAX 160,9056,646,1782.28,43
2026-06-11,Meta Ads,Yamaha Crosser 150,6369,378,1428.68,41
2026-06-11,Meta Ads,Yamaha Fazer 250,6638,429,1534.79,30
2026-06-11,Google Ads,Yamaha MT-07,6114,455,1803.4,68
2026-06-11,Google Ads,Yamaha NMAX 160,7061,326,712.14,28
2026-06-11,Google Ads,Yamaha Crosser 150,7259,509,1440.3,47
2026-06-11,Google Ads,Yamaha Fazer 250,5587,377,1449.42,35
2026-06-12,Meta Ads,Yamaha MT-07,1361,46,74.09,6
2026-06-12,Meta Ads,Yamaha NMAX 160,8824,421,1832.77,32
2026-06-12,Meta Ads,Yamaha Crosser 150,9544,540,1179.61,41
2026-06-12,Meta Ads,Yamaha Fazer 250,4801,366,846.66,32
2026-06-12,Google Ads,Yamaha MT-07,6546,383,1190.15,28
2026-06-12,Google Ads,Yamaha NMAX 160,2817,66,115.49,8
2026-06-12,Google Ads,Yamaha Crosser 150,4113,260,514.76,18
2026-06-12,Google Ads,Yamaha Fazer 250,9604,671,861.38,41
2026-06-13,Meta Ads,Yamaha MT-07,5497,188,485.5,16
2026-06-13,Meta Ads,Yamaha NMAX 160,2480,56,165.72,8
2026-06-13,Meta Ads,Yamaha Crosser 150,7627,552,665.17,39
2026-06-13,Meta Ads,Yamaha Fazer 250,7560,557,1221.41,28
2026-06-13,Google Ads,Yamaha MT-07,1740,65,167.35,5
2026-06-13,Google Ads,Yamaha NMAX 160,5860,243,625.98,20
2026-06-13,Google Ads,Yamaha Crosser 150,2141,125,416.58,8
2026-06-13,Google Ads,Yamaha Fazer 250,9482,438,1156.45,33
2026-06-14,Meta Ads,Yamaha MT-07,3673,91,337.44,12
2026-06-14,Meta Ads,Yamaha NMAX 160,9044,709,974.13,49
2026-06-14,Meta Ads,Yamaha Crosser 150,4286,194,487.2,16
2026-06-14,Meta Ads,Yamaha Fazer 250,8407,331,1208.44,39
2026-06-14,Google Ads,Yamaha MT-07,6899,367,633.69,41
2026-06-14,Google Ads,Yamaha NMAX 160,3682,132,250.13,17
2026-06-14,Google Ads,Yamaha Crosser 150,2942,137,250.9,7
2026-06-14,Google Ads,Yamaha Fazer 250,8083,295,1141.85,20
2026-06-15,Meta Ads,Yamaha MT-07,3693,204,689.23,10
2026-06-15,Meta Ads,Yamaha NMAX 160,3696,183,625.8,16
2026-06-15,Meta Ads,Yamaha Crosser 150,8080,435,1528.69,53
2026-06-15,Meta Ads,Yamaha Fazer 250,5681,349,1165.28,40
2026-06-15,Google Ads,Yamaha MT-07,1446,70,158.59,8
2026-06-15,Google Ads,Yamaha NMAX 160,8553,384,1200.46,31
2026-06-15,Google Ads,Yamaha Crosser 150,7864,319,724.07,18
2026-06-15,Google Ads,Yamaha Fazer 250,4760,105,262.81,9
2026-06-16,Meta Ads,Yamaha MT-07,1521,84,342.93,6
2026-06-16,Meta Ads,Yamaha NMAX 160,5307,412,856.14,39
2026-06-16,Meta Ads,Yamaha Crosser 150,1083,34,80.54,3
2026-06-16,Meta Ads,Yamaha Fazer 250,4835,359,502.16,51
2026-06-16,Google Ads,Yamaha MT-07,5530,134,354.29,19
2026-06-16,Google Ads,Yamaha NMAX 160,4389,205,716.72,19
2026-06-16,Google Ads,Yamaha Crosser 150,8587,266,1180.54,36
2026-06-16,Google Ads,Yamaha Fazer 250,8258,283,815.02,26
2026-06-17,Meta Ads,Yamaha MT-07,2894,180,283.55,15
2026-06-17,Meta Ads,Yamaha NMAX 160,1289,51,128.93,3
2026-06-17,Meta Ads,Yamaha Crosser 150,4419,279,409.13,37
2026-06-17,Meta Ads,Yamaha Fazer 250,7149,412,1403.31,55
2026-06-17,Google Ads,Yamaha MT-07,1455,73,179.16,10
2026-06-17,Google Ads,Yamaha NMAX 160,8621,306,889.16,33
2026-06-17,Google Ads,Yamaha Crosser 150,6685,322,1014.33,44
2026-06-17,Google Ads,Yamaha Fazer 250,7007,380,1286.21,43
2026-06-18,Meta Ads,Yamaha MT-07,2810,136,592.16,13
2026-06-18,Meta Ads,Yamaha NMAX 160,9699,644,915.89,61
2026-06-18,Meta Ads,Yamaha Crosser 150,9179,534,1980.2,63
2026-06-18,Meta Ads,Yamaha Fazer 250,5144,274,761.55,29
2026-06-18,Google Ads,Yamaha MT-07,8163,190,836.61,20
2026-06-18,Google Ads,Yamaha NMAX 160,2133,157,413.67,10
2026-06-18,Google Ads,Yamaha Crosser 150,6142,238,1017.06,32
2026-06-18,Google Ads,Yamaha Fazer 250,5611,186,815.18,24
2026-06-19,Meta Ads,Yamaha MT-07,4483,350,517.58,42
2026-06-19,Meta Ads,Yamaha NMAX 160,5736,297,731.0,43
2026-06-19,Meta Ads,Yamaha Crosser 150,2619,106,294.22,6
2026-06-19,Meta Ads,Yamaha Fazer 250,7749,332,963.07,21
2026-06-19,Google Ads,Yamaha MT-07,2821,95,345.49,12
2026-06-19,Google Ads,Yamaha NMAX 160,3722,262,686.78,36
2026-06-19,Google Ads,Yamaha Crosser 150,7030,319,1123.61,20
2026-06-19,Google Ads,Yamaha Fazer 250,3714,115,143.85,10
2026-06-20,Meta Ads,Yamaha MT-07,9707,572,2178.2,33
2026-06-20,Meta Ads,Yamaha NMAX 160,8567,287,1288.46,24
2026-06-20,Meta Ads,Yamaha Crosser 150,7412,381,1431.7,47
2026-06-20,Meta Ads,Yamaha Fazer 250,7368,581,2268.22,44
2026-06-20,Google Ads,Yamaha MT-07,6302,288,1210.89,29
2026-06-20,Google Ads,Yamaha NMAX 160,7473,186,229.76,22
2026-06-20,Google Ads,Yamaha Crosser 150,3808,177,722.08,18
2026-06-20,Google Ads,Yamaha Fazer 250,6333,258,352.58,29
2026-06-21,Meta Ads,Yamaha MT-07,7766,381,1624.88,28
2026-06-21,Meta Ads,Yamaha NMAX 160,7201,328,938.78,34
2026-06-21,Meta Ads,Yamaha Crosser 150,5275,157,340.96,13
2026-06-21,Meta Ads,Yamaha Fazer 250,7497,243,321.82,22
2026-06-21,Google Ads,Yamaha MT-07,8262,500,1774.92,55
2026-06-21,Google Ads,Yamaha NMAX 160,1666,121,276.18,12
2026-06-21,Google Ads,Yamaha Crosser 150,8532,572,2060.33,81
2026-06-21,Google Ads,Yamaha Fazer 250,8817,696,2639.29,71
2026-06-22,Meta Ads,Yamaha MT-07,9875,697,2895.01,65
2026-06-22,Meta Ads,Yamaha NMAX 160,4564,162,421.56,19
2026-06-22,Meta Ads,Yamaha Crosser 150,9547,661,1969.39,45
2026-06-22,Meta Ads,Yamaha Fazer 250,1085,73,250.16,3
2026-06-22,Google Ads,Yamaha MT-07,5791,299,804.06,38
2026-06-22,Google Ads,Yamaha NMAX 160,7422,444,689.86,53
2026-06-22,Google Ads,Yamaha Crosser 150,9976,551,831.07,77
2026-06-22,Google Ads,Yamaha Fazer 250,9223,227,878.21,32
2026-06-23,Meta Ads,Yamaha MT-07,3852,225,983.82,28
2026-06-23,Meta Ads,Yamaha NMAX 160,1499,44,83.27,5
2026-06-23,Meta Ads,Yamaha Crosser 150,2698,93,152.24,7
2026-06-23,Meta Ads,Yamaha Fazer 250,7010,284,716.28,38
2026-06-23,Google Ads,Yamaha MT-07,2448,173,505.01,24
2026-06-23,Google Ads,Yamaha NMAX 160,6195,129,204.66,18
2026-06-23,Google Ads,Yamaha Crosser 150,4953,360,1577.24,37
2026-06-23,Google Ads,Yamaha Fazer 250,7203,418,1018.28,47
2026-06-24,Meta Ads,Yamaha MT-07,3242,98,374.95,12
2026-06-24,Meta Ads,Yamaha NMAX 160,5772,313,616.08,38
2026-06-24,Meta Ads,Yamaha Crosser 150,2595,84,153.37,10
2026-06-24,Meta Ads,Yamaha Fazer 250,4090,269,433.87,27
2026-06-24,Google Ads,Yamaha MT-07,2138,126,352.07,9
2026-06-24,Google Ads,Yamaha NMAX 160,9647,653,1010.39,73
2026-06-24,Google Ads,Yamaha Crosser 150,6151,181,808.5,25
2026-06-24,Google Ads,Yamaha Fazer 250,8467,206,403.69,16
2026-06-25,Meta Ads,Yamaha MT-07,1496,50,93.61,7
2026-06-25,Meta Ads,Yamaha NMAX 160,5204,154,489.55,10
2026-06-25,Meta Ads,Yamaha Crosser 150,8504,617,2328.02,83
2026-06-25,Meta Ads,Yamaha Fazer 250,6525,404,1073.04,30
2026-06-25,Google Ads,Yamaha MT-07,8215,478,1594.73,24
2026-06-25,Google Ads,Yamaha NMAX 160,8626,434,684.58,58
2026-06-25,Google Ads,Yamaha Crosser 150,5845,141,559.71,11
2026-06-25,Google Ads,Yamaha Fazer 250,2124,160,456.61,9
2026-06-26,Meta Ads,Yamaha MT-07,2985,223,840.6,24
2026-06-26,Meta Ads,Yamaha NMAX 160,7388,308,710.48,39
2026-06-26,Meta Ads,Yamaha Crosser 150,8445,293,1274.54,39
2026-06-26,Meta Ads,Yamaha Fazer 250,7275,283,905.83,30
2026-06-26,Google Ads,Yamaha MT-07,9442,471,1025.85,47
2026-06-26,Google Ads,Yamaha NMAX 160,5570,212,477.32,26
2026-06-26,Google Ads,Yamaha Crosser 150,3214,161,361.44,12
2026-06-26,Google Ads,Yamaha Fazer 250,8817,320,537.52,46
2026-06-27,Meta Ads,Yamaha MT-07,2887,181,444.53,24
2026-06-27,Meta Ads,Yamaha NMAX 160,5192,345,1161.69,23
2026-06-27,Meta Ads,Yamaha Crosser 150,9254,479,709.85,60
2026-06-27,Meta Ads,Yamaha Fazer 250,2166,111,284.17,12
2026-06-27,Google Ads,Yamaha MT-07,1810,87,288.97,12
2026-06-27,Google Ads,Yamaha NMAX 160,7246,260,894.83,38
2026-06-27,Google Ads,Yamaha Crosser 150,2047,114,167.48,6
2026-06-27,Google Ads,Yamaha Fazer 250,3090,79,324.38,7
2026-06-28,Meta Ads,Yamaha MT-07,8736,193,585.32,21
2026-06-28,Meta Ads,Yamaha NMAX 160,5430,188,345.22,17
2026-06-28,Meta Ads,Yamaha Crosser 150,7838,538,1509.09,46
2026-06-28,Meta Ads,Yamaha Fazer 250,8737,486,2176.95,72
2026-06-28,Google Ads,Yamaha MT-07,1808,61,263.92,4
2026-06-28,Google Ads,Yamaha NMAX 160,8738,606,1746.02,42
2026-06-28,Google Ads,Yamaha Crosser 150,9750,703,1781.47,84
2026-06-28,Google Ads,Yamaha Fazer 250,2045,121,422.97,15
2026-06-29,Meta Ads,Yamaha MT-07,3329,67,149.55,4
2026-06-29,Meta Ads,Yamaha NMAX 160,8601,553,1476.72,77
2026-06-29,Meta Ads,Yamaha Crosser 150,5473,188,262.66,12
2026-06-29,Meta Ads,Yamaha Fazer 250,1873,129,296.52,16
2026-06-29,Google Ads,Yamaha MT-07,9834,753,1759.05,71
2026-06-29,Google Ads,Yamaha NMAX 160,3714,292,952.46,18
2026-06-29,Google Ads,Yamaha Crosser 150,8676,207,273.49,16
2026-06-29,Google Ads,Yamaha Fazer 250,3007,67,252.64,7
2026-06-30,Meta Ads,Yamaha MT-07,3440,229,561.22,33
2026-06-30,Meta Ads,Yamaha NMAX 160,5857,120,339.04,6
2026-06-30,Meta Ads,Yamaha Crosser 150,1678,50,156.48,3
2026-06-30,Meta Ads,Yamaha Fazer 250,6434,150,564.32,19
2026-06-30,Google Ads,Yamaha MT-07,8645,509,808.51,30
2026-06-30,Google Ads,Yamaha NMAX 160,6694,429,1486.47,43
2026-06-30,Google Ads,Yamaha Crosser 150,3137,243,355.14,18
2026-06-30,Google Ads,Yamaha Fazer 250,4495,245,720.32,19
2026-07-01,Meta Ads,Yamaha MT-07,7483,519,997.01,56
2026-07-01,Meta Ads,Yamaha NMAX 160,8507,395,1156.07,29
2026-07-01,Meta Ads,Yamaha Crosser 150,9082,425,1866.25,61
2026-07-01,Meta Ads,Yamaha Fazer 250,5318,402,563.65,31
2026-07-01,Google Ads,Yamaha MT-07,2257,133,209.2,13
2026-07-01,Google Ads,Yamaha NMAX 160,4379,329,655.52,36
2026-07-01,Google Ads,Yamaha Crosser 150,4089,299,446.71,32
2026-07-01,Google Ads,Yamaha Fazer 250,7111,290,851.53,35
2026-07-02,Meta Ads,Yamaha MT-07,3718,145,367.08,20
2026-07-02,Meta Ads,Yamaha NMAX 160,3929,265,1011.97,22
2026-07-02,Meta Ads,Yamaha Crosser 150,5038,312,506.92,46
2026-07-02,Meta Ads,Yamaha Fazer 250,5102,228,657.75,19
2026-07-02,Google Ads,Yamaha MT-07,7919,201,680.75,26
2026-07-02,Google Ads,Yamaha NMAX 160,1555,49,92.42,6
2026-07-02,Google Ads,Yamaha Crosser 150,2109,150,447.18,20
2026-07-02,Google Ads,Yamaha Fazer 250,2981,105,433.43,14
2026-07-03,Meta Ads,Yamaha MT-07,5420,113,489.58,11
2026-07-03,Meta Ads,Yamaha NMAX 160,6096,451,629.23,35
2026-07-03,Meta Ads,Yamaha Crosser 150,7579,589,2060.39,69
2026-07-03,Meta Ads,Yamaha Fazer 250,6662,244,296.73,24
2026-07-03,Google Ads,Yamaha MT-07,1297,90,314.52,8
2026-07-03,Google Ads,Yamaha NMAX 160,1917,103,414.87,7
2026-07-03,Google Ads,Yamaha Crosser 150,4762,254,970.26,31
2026-07-03,Google Ads,Yamaha Fazer 250,3062,140,413.67,12
2026-07-04,Meta Ads,Yamaha MT-07,9337,366,1613.1,50
2026-07-04,Meta Ads,Yamaha NMAX 160,1510,93,216.11,13
2026-07-04,Meta Ads,Yamaha Crosser 150,5161,278,779.91,19
2026-07-04,Meta Ads,Yamaha Fazer 250,5324,138,413.39,8
2026-07-04,Google Ads,Yamaha MT-07,4975,222,439.88,26
2026-07-04,Google Ads,Yamaha NMAX 160,2198,52,224.77,5
2026-07-04,Google Ads,Yamaha Crosser 150,9833,767,2371.83,51
2026-07-04,Google Ads,Yamaha Fazer 250,2544,118,480.71,10
2026-07-05,Meta Ads,Yamaha MT-07,8774,401,909.68,34
2026-07-05,Meta Ads,Yamaha NMAX 160,8763,552,1019.41,79
2026-07-05,Meta Ads,Yamaha Crosser 150,7651,398,1620.28,35
2026-07-05,Meta Ads,Yamaha Fazer 250,7225,565,1872.4,33
2026-07-05,Google Ads,Yamaha MT-07,5108,102,229.3,5
2026-07-05,Google Ads,Yamaha NMAX 160,4741,355,1471.12,20
2026-07-05,Google Ads,Yamaha Crosser 150,4684,130,411.75,19
2026-07-05,Google Ads,Yamaha Fazer 250,7838,580,2130.7,72
2026-07-06,Meta Ads,Yamaha MT-07,5213,279,738.97,34
2026-07-06,Meta Ads,Yamaha NMAX 160,4588,298,1028.87,34
2026-07-06,Meta Ads,Yamaha Crosser 150,1913,87,171.38,8
2026-07-06,Meta Ads,Yamaha Fazer 250,5349,340,1274.99,42
2026-07-06,Google Ads,Yamaha MT-07,5001,263,466.97,15
2026-07-06,Google Ads,Yamaha NMAX 160,5638,246,925.13,21
2026-07-06,Google Ads,Yamaha Crosser 150,1249,79,230.95,8
2026-07-06,Google Ads,Yamaha Fazer 250,8717,359,779.83,45
2026-07-07,Meta Ads,Yamaha MT-07,9537,191,331.1,16
2026-07-07,Meta Ads,Yamaha NMAX 160,6031,480,1285.18,32
2026-07-07,Meta Ads,Yamaha Crosser 150,1325,47,67.82,4
2026-07-07,Meta Ads,Yamaha Fazer 250,9484,416,991.52,34
2026-07-07,Google Ads,Yamaha MT-07,7564,601,2068.18,40
2026-07-07,Google Ads,Yamaha NMAX 160,9875,581,1903.77,86
2026-07-07,Google Ads,Yamaha Crosser 150,7464,473,601.19,40
2026-07-07,Google Ads,Yamaha Fazer 250,3719,82,245.22,12
2026-07-08,Meta Ads,Yamaha MT-07,5928,143,484.16,9
2026-07-08,Meta Ads,Yamaha NMAX 160,8859,602,2306.68,71
2026-07-08,Meta Ads,Yamaha Crosser 150,5955,197,779.23,21
2026-07-08,Meta Ads,Yamaha Fazer 250,4075,171,277.71,11
2026-07-08,Google Ads,Yamaha MT-07,4521,176,766.8,26
2026-07-08,Google Ads,Yamaha NMAX 160,8212,260,935.66,31
2026-07-08,Google Ads,Yamaha Crosser 150,6644,477,989.66,29
2026-07-08,Google Ads,Yamaha Fazer 250,2772,116,327.62,10
2026-07-09,Meta Ads,Yamaha MT-07,2266,174,768.56,24
2026-07-09,Meta Ads,Yamaha NMAX 160,7022,180,558.43,14
2026-07-09,Meta Ads,Yamaha Crosser 150,9168,708,2596.16,39
2026-07-09,Meta Ads,Yamaha Fazer 250,6615,205,668.49,23
2026-07-09,Google Ads,Yamaha MT-07,5955,235,891.07,29
2026-07-09,Google Ads,Yamaha NMAX 160,7190,442,1101.17,35
2026-07-09,Google Ads,Yamaha Crosser 150,4661,108,474.04,9
2026-07-09,Google Ads,Yamaha Fazer 250,9661,627,1058.57,44
2026-07-10,Meta Ads,Yamaha MT-07,6808,203,617.61,30
2026-07-10,Meta Ads,Yamaha NMAX 160,7243,328,1014.85,46
2026-07-10,Meta Ads,Yamaha Crosser 150,6088,178,722.86,15
2026-07-10,Meta Ads,Yamaha Fazer 250,4710,213,382.99,16
2026-07-10,Google Ads,Yamaha MT-07,6065,262,551.37,27
2026-07-10,Google Ads,Yamaha NMAX 160,3001,169,612.98,14
2026-07-10,Google Ads,Yamaha Crosser 150,1837,55,114.98,5
2026-07-10,Google Ads,Yamaha Fazer 250,3494,184,421.21,27
2026-07-11,Meta Ads,Yamaha MT-07,6340,321,907.1,23
2026-07-11,Meta Ads,Yamaha NMAX 160,6840,173,596.89,17
2026-07-11,Meta Ads,Yamaha Crosser 150,9305,727,2493.88,95
2026-07-11,Meta Ads,Yamaha Fazer 250,3539,272,918.76,33
2026-07-11,Google Ads,Yamaha MT-07,9754,359,826.11,52
2026-07-11,Google Ads,Yamaha NMAX 160,6518,175,616.96,9
2026-07-11,Google Ads,Yamaha Crosser 150,6921,496,1408.7,57
2026-07-11,Google Ads,Yamaha Fazer 250,6927,252,582.48,35
2026-07-12,Meta Ads,Yamaha MT-07,9347,631,1617.13,93
2026-07-12,Meta Ads,Yamaha NMAX 160,8272,189,300.01,25
2026-07-12,Meta Ads,Yamaha Crosser 150,9081,313,959.85,28
2026-07-12,Meta Ads,Yamaha Fazer 250,7642,224,456.86,24
2026-07-12,Google Ads,Yamaha MT-07,8948,412,880.17,22
2026-07-12,Google Ads,Yamaha NMAX 160,2835,110,446.01,15
2026-07-12,Google Ads,Yamaha Crosser 150,9796,584,1604.01,37
2026-07-12,Google Ads,Yamaha Fazer 250,3364,244,1080.48,26
2026-07-13,Meta Ads,Yamaha MT-07,4155,305,1301.54,28
2026-07-13,Meta Ads,Yamaha NMAX 160,5920,148,434.51,19
2026-07-13,Meta Ads,Yamaha Crosser 150,1244,55,159.74,2
2026-07-13,Meta Ads,Yamaha Fazer 250,7390,452,1449.95,55
2026-07-13,Google Ads,Yamaha MT-07,3543,263,1081.33,32
2026-07-13,Google Ads,Yamaha NMAX 160,4854,176,286.94,24
2026-07-13,Google Ads,Yamaha Crosser 150,8814,534,1190.12,45
2026-07-13,Google Ads,Yamaha Fazer 250,6843,236,894.44,31
2026-07-14,Meta Ads,Yamaha MT-07,4537,195,279.51,14
2026-07-14,Meta Ads,Yamaha NMAX 160,2383,80,167.33,4
2026-07-14,Meta Ads,Yamaha Crosser 150,4884,116,257.85,14
2026-07-14,Meta Ads,Yamaha Fazer 250,3314,256,799.24,27
2026-07-14,Google Ads,Yamaha MT-07,3642,290,1137.68,27
2026-07-14,Google Ads,Yamaha NMAX 160,4833,332,597.33,25
2026-07-14,Google Ads,Yamaha Crosser 150,1318,56,231.01,5
2026-07-14,Google Ads,Yamaha Fazer 250,7795,335,568.27,23
2026-07-15,Meta Ads,Yamaha MT-07,1026,37,78.38,2
2026-07-15,Meta Ads,Yamaha NMAX 160,4376,331,1483.84,35
2026-07-15,Meta Ads,Yamaha Crosser 150,7992,347,1165.54,34
2026-07-15,Meta Ads,Yamaha Fazer 250,1424,32,65.7,2
2026-07-15,Google Ads,Yamaha MT-07,7140,474,1134.73,36
2026-07-15,Google Ads,Yamaha NMAX 160,2385,183,356.41,17
2026-07-15,Google Ads,Yamaha Crosser 150,3222,155,477.34,11
2026-07-15,Google Ads,Yamaha Fazer 250,4883,352,1488.51,42
2026-07-16,Meta Ads,Yamaha MT-07,1717,45,122.24,2
2026-07-16,Meta Ads,Yamaha NMAX 160,7051,427,673.42,51
2026-07-16,Meta Ads,Yamaha Crosser 150,9721,560,2272.69,54
2026-07-16,Meta Ads,Yamaha Fazer 250,2195,52,156.7,4
2026-07-16,Google Ads,Yamaha MT-07,9833,732,2472.65,78
2026-07-16,Google Ads,Yamaha NMAX 160,8407,596,1015.43,32
2026-07-16,Google Ads,Yamaha Crosser 150,6621,502,848.0,35
2026-07-16,Google Ads,Yamaha Fazer 250,9350,521,1282.81,36
2026-07-17,Meta Ads,Yamaha MT-07,5763,287,1124.37,14
2026-07-17,Meta Ads,Yamaha NMAX 160,7990,443,1360.99,60
2026-07-17,Meta Ads,Yamaha Crosser 150,7800,469,1990.64,42
2026-07-17,Meta Ads,Yamaha Fazer 250,3210,67,122.09,5
2026-07-17,Google Ads,Yamaha MT-07,1415,30,111.7,2
2026-07-17,Google Ads,Yamaha NMAX 160,5672,294,483.73,42
2026-07-17,Google Ads,Yamaha Crosser 150,2780,171,513.82,13
2026-07-17,Google Ads,Yamaha Fazer 250,7490,233,1015.42,30
2026-07-18,Meta Ads,Yamaha MT-07,9537,749,1128.37,90
2026-07-18,Meta Ads,Yamaha NMAX 160,4201,162,461.72,15
2026-07-18,Meta Ads,Yamaha Crosser 150,5027,159,708.2,13
2026-07-18,Meta Ads,Yamaha Fazer 250,5508,218,643.48,13
2026-07-18,Google Ads,Yamaha MT-07,8760,522,1871.01,54
2026-07-18,Google Ads,Yamaha NMAX 160,8736,589,916.02,86
2026-07-18,Google Ads,Yamaha Crosser 150,6978,232,943.32,15
2026-07-18,Google Ads,Yamaha Fazer 250,7867,381,537.57,47
2026-07-19,Meta Ads,Yamaha MT-07,9661,403,570.41,51
2026-07-19,Meta Ads,Yamaha NMAX 160,9883,543,723.64,65
2026-07-19,Meta Ads,Yamaha Crosser 150,2534,114,366.26,11
2026-07-19,Meta Ads,Yamaha Fazer 250,1929,94,285.33,12
2026-07-19,Google Ads,Yamaha MT-07,5285,343,1223.9,19
2026-07-19,Google Ads,Yamaha NMAX 160,3310,147,230.41,9
2026-07-19,Google Ads,Yamaha Crosser 150,2868,183,333.35,9
2026-07-19,Google Ads,Yamaha Fazer 250,9244,681,1141.63,86
2026-07-20,Meta Ads,Yamaha MT-07,2758,171,256.52,11
2026-07-20,Meta Ads,Yamaha NMAX 160,8865,232,386.43,29
2026-07-20,Meta Ads,Yamaha Crosser 150,4250,208,880.85,21
2026-07-20,Meta Ads,Yamaha Fazer 250,9023,215,499.84,16
2026-07-20,Google Ads,Yamaha MT-07,5338,267,1135.11,32
2026-07-20,Google Ads,Yamaha NMAX 160,7521,471,1130.99,43
2026-07-20,Google Ads,Yamaha Crosser 150,1678,84,246.06,6
2026-07-20,Google Ads,Yamaha Fazer 250,1308,99,155.71,6
2026-07-21,Meta Ads,Yamaha MT-07,9780,309,1013.08,41
2026-07-21,Meta Ads,Yamaha NMAX 160,8431,532,1892.7,75
2026-07-21,Meta Ads,Yamaha Crosser 150,7481,200,842.96,17
2026-07-21,Meta Ads,Yamaha Fazer 250,7659,160,383.84,15
2026-07-21,Google Ads,Yamaha MT-07,4510,223,791.14,32
2026-07-21,Google Ads,Yamaha NMAX 160,9896,655,913.79,96
2026-07-21,Google Ads,Yamaha Crosser 150,2653,200,460.67,27
2026-07-21,Google Ads,Yamaha Fazer 250,6341,424,1851.43,44
2026-07-22,Meta Ads,Yamaha MT-07,4316,302,845.17,39
2026-07-22,Meta Ads,Yamaha NMAX 160,3886,96,178.01,10
2026-07-22,Meta Ads,Yamaha Crosser 150,3785,110,265.56,10
2026-07-22,Meta Ads,Yamaha Fazer 250,1975,91,189.75,9
2026-07-22,Google Ads,Yamaha MT-07,7327,351,754.41,27
2026-07-22,Google Ads,Yamaha NMAX 160,6607,195,825.97,20
2026-07-22,Google Ads,Yamaha Crosser 150,2876,212,798.86,12
2026-07-22,Google Ads,Yamaha Fazer 250,2426,60,212.78,8
2026-07-23,Meta Ads,Yamaha MT-07,1827,68,230.49,3
2026-07-23,Meta Ads,Yamaha NMAX 160,4499,283,350.05,22
2026-07-23,Meta Ads,Yamaha Crosser 150,9815,552,1251.85,75
2026-07-23,Meta Ads,Yamaha Fazer 250,2132,79,244.8,4
2026-07-23,Google Ads,Yamaha MT-07,5963,176,274.57,22
2026-07-23,Google Ads,Yamaha NMAX 160,1055,70,191.04,8
2026-07-23,Google Ads,Yamaha Crosser 150,6867,492,1832.62,24
2026-07-23,Google Ads,Yamaha Fazer 250,4589,261,476.35,19
2026-07-24,Meta Ads,Yamaha MT-07,5274,208,804.6,10
2026-07-24,Meta Ads,Yamaha NMAX 160,7365,362,1042.74,48
2026-07-24,Meta Ads,Yamaha Crosser 150,6666,382,656.14,32
2026-07-24,Meta Ads,Yamaha Fazer 250,1757,42,152.96,3
2026-07-24,Google Ads,Yamaha MT-07,8275,288,942.27,41
2026-07-24,Google Ads,Yamaha NMAX 160,4401,258,507.78,34
2026-07-24,Google Ads,Yamaha Crosser 150,8269,304,640.52,31
2026-07-24,Google Ads,Yamaha Fazer 250,8243,484,1165.25,38
2026-07-25,Meta Ads,Yamaha MT-07,8754,523,668.05,36
2026-07-25,Meta Ads,Yamaha NMAX 160,6749,432,1229.57,34
2026-07-25,Meta Ads,Yamaha Crosser 150,2336,61,105.57,7
2026-07-25,Meta Ads,Yamaha Fazer 250,4404,267,803.51,37
2026-07-25,Google Ads,Yamaha MT-07,9386,581,1369.9,67
2026-07-25,Google Ads,Yamaha NMAX 160,3911,137,378.93,19
2026-07-25,Google Ads,Yamaha Crosser 150,7812,383,1101.96,42
2026-07-25,Google Ads,Yamaha Fazer 250,8451,259,818.87,34
2026-07-26,Meta Ads,Yamaha MT-07,4862,381,647.39,57
2026-07-26,Meta Ads,Yamaha NMAX 160,6932,169,539.1,18
2026-07-26,Meta Ads,Yamaha Crosser 150,3229,216,918.79,14
2026-07-26,Meta Ads,Yamaha Fazer 250,7281,384,1395.4,33
2026-07-26,Google Ads,Yamaha MT-07,9803,763,2572.3,44
2026-07-26,Google Ads,Yamaha NMAX 160,3266,75,287.43,3
2026-07-26,Google Ads,Yamaha Crosser 150,7720,485,2155.84,24
2026-07-26,Google Ads,Yamaha Fazer 250,7674,467,2041.09,35
2026-07-27,Meta Ads,Yamaha MT-07,7638,247,766.98,15
2026-07-27,Meta Ads,Yamaha NMAX 160,3827,289,980.61,24
2026-07-27,Meta Ads,Yamaha Crosser 150,3416,161,693.37,23
2026-07-27,Meta Ads,Yamaha Fazer 250,9295,245,694.12,18
2026-07-27,Google Ads,Yamaha MT-07,2841,128,492.35,11
2026-07-27,Google Ads,Yamaha NMAX 160,6771,388,1028.08,31
2026-07-27,Google Ads,Yamaha Crosser 150,3860,220,548.49,24
2026-07-27,Google Ads,Yamaha Fazer 250,1387,42,185.17,4
2026-07-28,Meta Ads,Yamaha MT-07,1443,92,152.69,7
2026-07-28,Meta Ads,Yamaha NMAX 160,9313,584,1158.27,68
2026-07-28,Meta Ads,Yamaha Crosser 150,9604,509,1255.46,34
2026-07-28,Meta Ads,Yamaha Fazer 250,2382,139,231.49,19
2026-07-28,Google Ads,Yamaha MT-07,1528,45,94.92,2
2026-07-28,Google Ads,Yamaha NMAX 160,8799,440,1307.64,56
2026-07-28,Google Ads,Yamaha Crosser 150,8988,428,1802.47,50
2026-07-28,Google Ads,Yamaha Fazer 250,8350,464,794.05,38
2026-07-29,Meta Ads,Yamaha MT-07,7297,547,1253.86,37
2026-07-29,Meta Ads,Yamaha NMAX 160,7462,383,1709.88,36
2026-07-29,Meta Ads,Yamaha Crosser 150,7907,482,716.5,71
2026-07-29,Meta Ads,Yamaha Fazer 250,7758,503,1575.05,69
2026-07-29,Google Ads,Yamaha MT-07,2749,143,304.19,8
2026-07-29,Google Ads,Yamaha NMAX 160,2564,184,364.8,15
2026-07-29,Google Ads,Yamaha Crosser 150,2885,82,348.97,10
2026-07-29,Google Ads,Yamaha Fazer 250,7163,455,708.56,34
2026-07-30,Meta Ads,Yamaha MT-07,3121,175,500.44,24
2026-07-30,Meta Ads,Yamaha NMAX 160,5625,297,528.81,35
2026-07-30,Meta Ads,Yamaha Crosser 150,1230,57,175.01,8
2026-07-30,Meta Ads,Yamaha Fazer 250,3700,74,113.4,8
2026-07-30,Google Ads,Yamaha MT-07,7326,289,381.93,38
2026-07-30,Google Ads,Yamaha NMAX 160,2640,167,240.15,19
2026-07-30,Google Ads,Yamaha Crosser 150,1273,89,125.91,13
2026-07-30,Google Ads,Yamaha Fazer 250,9557,260,1156.26,30
2026-07-31,Meta Ads,Yamaha MT-07,2736,150,284.61,20
2026-07-31,Meta Ads,Yamaha NMAX 160,8677,555,1741.93,39
2026-07-31,Meta Ads,Yamaha Crosser 150,8504,310,465.69,28
2026-07-31,Meta Ads,Yamaha Fazer 250,8286,475,1120.1,65
2026-07-31,Google Ads,Yamaha MT-07,8764,560,1779.58,28
2026-07-31,Google Ads,Yamaha NMAX 160,3880,228,970.15,15
2026-07-31,Google Ads,Yamaha Crosser 150,1656,119,285.71,16
2026-07-31,Google Ads,Yamaha Fazer 250,3692,79,306.22,10
2026-08-01,Meta Ads,Yamaha MT-07,9845,334,453.96,19
2026-08-01,Meta Ads,Yamaha NMAX 160,6843,137,251.25,16
2026-08-01,Meta Ads,Yamaha Crosser 150,7233,196,721.21,17
2026-08-01,Meta Ads,Yamaha Fazer 250,1593,56,243.33,6
2026-08-01,Google Ads,Yamaha MT-07,5295,234,328.94,22
2026-08-01,Google Ads,Yamaha NMAX 160,8351,448,1023.07,30
2026-08-01,Google Ads,Yamaha Crosser 150,3730,235,617.95,15
2026-08-01,Google Ads,Yamaha Fazer 250,9057,373,726.27,33
2026-08-02,Meta Ads,Yamaha MT-07,1392,87,115.91,9
2026-08-02,Meta Ads,Yamaha NMAX 160,9994,267,719.01,25
2026-08-02,Meta Ads,Yamaha Crosser 150,3934,268,1065.49,20
2026-08-02,Meta Ads,Yamaha Fazer 250,3399,215,343.87,12
2026-08-02,Google Ads,Yamaha MT-07,6220,468,890.39,50
2026-08-02,Google Ads,Yamaha NMAX 160,7973,406,1475.87,52
2026-08-02,Google Ads,Yamaha Crosser 150,6424,142,429.1,8
2026-08-02,Google Ads,Yamaha Fazer 250,1292,48,140.39,5
2026-08-03,Meta Ads,Yamaha MT-07,4752,226,521.83,33
2026-08-03,Meta Ads,Yamaha NMAX 160,8723,574,2365.76,42
2026-08-03,Meta Ads,Yamaha Crosser 150,1842,121,229.87,11
2026-08-03,Meta Ads,Yamaha Fazer 250,2228,114,508.52,16
2026-08-03,Google Ads,Yamaha MT-07,7961,356,1197.98,48
2026-08-03,Google Ads,Yamaha NMAX 160,2105,139,361.91,7
2026-08-03,Google Ads,Yamaha Crosser 150,1746,90,284.52,8
2026-08-03,Google Ads,Yamaha Fazer 250,7553,231,504.48,21
2026-08-04,Meta Ads,Yamaha MT-07,1183,63,129.32,7
2026-08-04,Meta Ads,Yamaha NMAX 160,3686,131,478.44,9
2026-08-04,Meta Ads,Yamaha Crosser 150,9858,492,2102.33,50
2026-08-04,Meta Ads,Yamaha Fazer 250,6468,266,1041.09,27
2026-08-04,Google Ads,Yamaha MT-07,4308,233,844.15,32
2026-08-04,Google Ads,Yamaha NMAX 160,1336,34,79.49,3
2026-08-04,Google Ads,Yamaha Crosser 150,7903,282,1023.42,37
2026-08-04,Google Ads,Yamaha Fazer 250,6423,495,1092.31,67
2026-08-05,Meta Ads,Yamaha MT-07,7358,404,1636.62,56
2026-08-05,Meta Ads,Yamaha NMAX 160,4116,278,391.53,24
2026-08-05,Meta Ads,Yamaha Crosser 150,5028,152,555.77,21
2026-08-05,Meta Ads,Yamaha Fazer 250,9000,364,1313.18,25
2026-08-05,Google Ads,Yamaha MT-07,9877,610,1535.15,82
2026-08-05,Google Ads,Yamaha NMAX 160,4730,258,468.09,19
2026-08-05,Google Ads,Yamaha Crosser 150,7031,426,1667.65,35
2026-08-05,Google Ads,Yamaha Fazer 250,7700,554,1833.67,71
2026-08-06,Meta Ads,Yamaha MT-07,5509,342,612.46,43
2026-08-06,Meta Ads,Yamaha NMAX 160,2458,91,292.06,12
2026-08-06,Meta Ads,Yamaha Crosser 150,8817,473,1695.95,48
2026-08-06,Meta Ads,Yamaha Fazer 250,3217,210,292.86,27
2026-08-06,Google Ads,Yamaha MT-07,8321,282,501.07,37
2026-08-06,Google Ads,Yamaha NMAX 160,6588,526,1859.2,58
2026-08-06,Google Ads,Yamaha Crosser 150,7248,519,1154.11,35
2026-08-06,Google Ads,Yamaha Fazer 250,9492,664,2916.66,49
2026-08-07,Meta Ads,Yamaha MT-07,2536,67,281.19,5
2026-08-07,Meta Ads,Yamaha NMAX 160,6847,260,580.52,24
2026-08-07,Meta Ads,Yamaha Crosser 150,8835,606,2121.8,42
2026-08-07,Meta Ads,Yamaha Fazer 250,6056,135,414.96,12
2026-08-07,Google Ads,Yamaha MT-07,5380,326,441.42,39
2026-08-07,Google Ads,Yamaha NMAX 160,1313,91,255.95,4
2026-08-07,Google Ads,Yamaha Crosser 150,4342,95,166.99,8
2026-08-07,Google Ads,Yamaha Fazer 250,1999,40,138.05,3
2026-08-08,Meta Ads,Yamaha MT-07,2603,158,706.8,16
2026-08-08,Meta Ads,Yamaha NMAX 160,6717,194,601.87,28
2026-08-08,Meta Ads,Yamaha Crosser 150,7859,298,1009.7,27
2026-08-08,Meta Ads,Yamaha Fazer 250,5261,116,185.41,11
2026-08-08,Google Ads,Yamaha MT-07,6194,443,1167.54,43
2026-08-08,Google Ads,Yamaha NMAX 160,5169,124,533.36,6
2026-08-08,Google Ads,Yamaha Crosser 150,7624,160,581.5,15
2026-08-08,Google Ads,Yamaha Fazer 250,9208,485,835.01,65
2026-08-09,Meta Ads,Yamaha MT-07,3290,225,498.04,17
2026-08-09,Meta Ads,Yamaha NMAX 160,9702,627,1917.21,63
2026-08-09,Meta Ads,Yamaha Crosser 150,5606,377,1275.89,25
2026-08-09,Meta Ads,Yamaha Fazer 250,4377,118,331.23,14
2026-08-09,Google Ads,Yamaha MT-07,5177,337,447.15,41
2026-08-09,Google Ads,Yamaha NMAX 160,1526,65,277.45,6
2026-08-09,Google Ads,Yamaha Crosser 150,3089,214,263.09,20
2026-08-09,Google Ads,Yamaha Fazer 250,5188,141,324.31,11
2026-08-10,Meta Ads,Yamaha MT-07,9933,638,840.09,79
2026-08-10,Meta Ads,Yamaha NMAX 160,9184,282,730.82,16
2026-08-10,Meta Ads,Yamaha Crosser 150,1410,102,157.32,10
2026-08-10,Meta Ads,Yamaha Fazer 250,6355,312,678.18,33
2026-08-10,Google Ads,Yamaha MT-07,4151,223,860.48,32
2026-08-10,Google Ads,Yamaha NMAX 160,2810,140,558.93,19
2026-08-10,Google Ads,Yamaha Crosser 150,4853,137,167.88,7
2026-08-10,Google Ads,Yamaha Fazer 250,4593,141,370.25,12
2026-08-11,Meta Ads,Yamaha MT-07,1885,66,148.27,4
2026-08-11,Meta Ads,Yamaha NMAX 160,4273,98,257.01,6
2026-08-11,Meta Ads,Yamaha Crosser 150,2226,122,300.0,12
2026-08-11,Meta Ads,Yamaha Fazer 250,6151,179,647.89,15
2026-08-11,Google Ads,Yamaha MT-07,9802,432,1793.36,37
2026-08-11,Google Ads,Yamaha NMAX 160,1247,99,193.23,14
2026-08-11,Google Ads,Yamaha Crosser 150,5446,231,426.49,21
2026-08-11,Google Ads,Yamaha Fazer 250,7540,308,742.71,38
2026-08-12,Meta Ads,Yamaha MT-07,6716,448,732.43,64
2026-08-12,Meta Ads,Yamaha NMAX 160,2699,109,152.32,15
2026-08-12,Meta Ads,Yamaha Crosser 150,8367,667,1855.29,70
2026-08-12,Meta Ads,Yamaha Fazer 250,4939,145,387.63,12
2026-08-12,Google Ads,Yamaha MT-07,6561,179,748.45,19
2026-08-12,Google Ads,Yamaha NMAX 160,7941,557,904.99,56
2026-08-12,Google Ads,Yamaha Crosser 150,9831,509,1528.7,69
2026-08-12,Google Ads,Yamaha Fazer 250,4643,267,649.22,32
2026-08-13,Meta Ads,Yamaha MT-07,3135,106,327.97,14
2026-08-13,Meta Ads,Yamaha NMAX 160,5296,338,1438.51,32
2026-08-13,Meta Ads,Yamaha Crosser 150,9672,536,1665.01,37
2026-08-13,Meta Ads,Yamaha Fazer 250,9555,276,347.07,33
2026-08-13,Google Ads,Yamaha MT-07,1777,138,607.82,11
2026-08-13,Google Ads,Yamaha NMAX 160,4910,174,545.85,25
2026-08-13,Google Ads,Yamaha Crosser 150,1757,46,70.4,4
2026-08-13,Google Ads,Yamaha Fazer 250,6999,305,703.74,18
2026-08-14,Meta Ads,Yamaha MT-07,8056,360,1065.81,37
2026-08-14,Meta Ads,Yamaha NMAX 160,2830,76,324.19,7
2026-08-14,Meta Ads,Yamaha Crosser 150,5923,326,1069.93,41
2026-08-14,Meta Ads,Yamaha Fazer 250,7582,528,2087.15,67
2026-08-14,Google Ads,Yamaha MT-07,9291,464,1759.73,25
2026-08-14,Google Ads,Yamaha NMAX 160,5749,455,1131.59,62
2026-08-14,Google Ads,Yamaha Crosser 150,3835,194,619.46,26
2026-08-14,Google Ads,Yamaha Fazer 250,2453,57,187.39,4
2026-08-15,Meta Ads,Yamaha MT-07,4310,260,438.53,29
2026-08-15,Meta Ads,Yamaha NMAX 160,8911,244,556.06,28
2026-08-15,Meta Ads,Yamaha Crosser 150,7146,388,1024.45,34
2026-08-15,Meta Ads,Yamaha Fazer 250,6515,397,1600.8,25
2026-08-15,Google Ads,Yamaha MT-07,2580,107,182.06,10
2026-08-15,Google Ads,Yamaha NMAX 160,9669,272,1223.9,22
2026-08-15,Google Ads,Yamaha Crosser 150,1194,62,218.59,8
2026-08-15,Google Ads,Yamaha Fazer 250,8797,225,972.0,27
2026-08-16,Meta Ads,Yamaha MT-07,9885,466,1900.63,25
2026-08-16,Meta Ads,Yamaha NMAX 160,3098,183,466.79,11
2026-08-16,Meta Ads,Yamaha Crosser 150,2260,145,246.52,8
2026-08-16,Meta Ads,Yamaha Fazer 250,8626,288,990.3,24
2026-08-16,Google Ads,Yamaha MT-07,2417,55,170.99,5
2026-08-16,Google Ads,Yamaha NMAX 160,8165,301,870.77,44
2026-08-16,Google Ads,Yamaha Crosser 150,5294,146,499.0,10
2026-08-16,Google Ads,Yamaha Fazer 250,9171,440,1470.17,41
2026-08-17,Meta Ads,Yamaha MT-07,4304,205,513.09,23
2026-08-17,Meta Ads,Yamaha NMAX 160,9980,698,2748.61,103
2026-08-17,Meta Ads,Yamaha Crosser 150,3917,113,221.59,10
2026-08-17,Meta Ads,Yamaha Fazer 250,7758,449,1366.08,53
2026-08-17,Google Ads,Yamaha MT-07,3193,203,692.3,27
2026-08-17,Google Ads,Yamaha NMAX 160,5710,166,345.12,14
2026-08-17,Google Ads,Yamaha Crosser 150,5504,400,516.73,55
2026-08-17,Google Ads,Yamaha Fazer 250,4260,93,176.54,13
2026-08-18,Meta Ads,Yamaha MT-07,1560,81,311.17,10
2026-08-18,Meta Ads,Yamaha NMAX 160,6303,407,1225.9,35
2026-08-18,Meta Ads,Yamaha Crosser 150,8129,233,675.72,31
2026-08-18,Meta Ads,Yamaha Fazer 250,1208,71,223.94,3
2026-08-18,Google Ads,Yamaha MT-07,2033,120,498.38,15
2026-08-18,Google Ads,Yamaha NMAX 160,3083,227,429.14,17
2026-08-18,Google Ads,Yamaha Crosser 150,3596,117,221.57,14
2026-08-18,Google Ads,Yamaha Fazer 250,7659,166,408.53,17
2026-08-19,Meta Ads,Yamaha MT-07,8958,351,708.33,38
2026-08-19,Meta Ads,Yamaha NMAX 160,6580,433,866.89,60
2026-08-19,Meta Ads,Yamaha Crosser 150,7063,254,640.57,17
2026-08-19,Meta Ads,Yamaha Fazer 250,9126,210,673.4,19
2026-08-19,Google Ads,Yamaha MT-07,6529,200,831.08,28
2026-08-19,Google Ads,Yamaha NMAX 160,9500,462,887.52,46
2026-08-19,Google Ads,Yamaha Crosser 150,4934,118,411.96,12
2026-08-19,Google Ads,Yamaha Fazer 250,8780,251,760.78,35
2026-08-20,Meta Ads,Yamaha MT-07,8442,455,1739.79,65
2026-08-20,Meta Ads,Yamaha NMAX 160,4460,300,1143.17,24
2026-08-20,Meta Ads,Yamaha Crosser 150,2640,142,263.24,7
2026-08-20,Meta Ads,Yamaha Fazer 250,8909,682,1137.2,81
2026-08-20,Google Ads,Yamaha MT-07,6824,247,561.18,29
2026-08-20,Google Ads,Yamaha NMAX 160,8213,515,1195.2,41
2026-08-20,Google Ads,Yamaha Crosser 150,9253,556,1502.0,62
2026-08-20,Google Ads,Yamaha Fazer 250,1723,127,424.84,9
2026-08-21,Meta Ads,Yamaha MT-07,6694,394,1136.33,53
2026-08-21,Meta Ads,Yamaha NMAX 160,3139,218,840.98,31
2026-08-21,Meta Ads,Yamaha Crosser 150,4819,177,219.55,13
2026-08-21,Meta Ads,Yamaha Fazer 250,3769,144,586.39,16
2026-08-21,Google Ads,Yamaha MT-07,9214,678,2654.32,98
2026-08-21,Google Ads,Yamaha NMAX 160,7898,533,1130.55,34
2026-08-21,Google Ads,Yamaha Crosser 150,1114,64,178.54,4
2026-08-21,Google Ads,Yamaha Fazer 250,9881,239,646.44,18
2026-08-22,Meta Ads,Yamaha MT-07,1869,94,412.39,5
2026-08-22,Meta Ads,Yamaha NMAX 160,7708,230,710.53,15
2026-08-22,Meta Ads,Yamaha Crosser 150,8448,491,1886.69,33
2026-08-22,Meta Ads,Yamaha Fazer 250,3932,233,291.34,27
2026-08-22,Google Ads,Yamaha MT-07,8307,595,2608.97,52
2026-08-22,Google Ads,Yamaha NMAX 160,9539,309,856.88,33
2026-08-22,Google Ads,Yamaha Crosser 150,1070,31,67.4,2
2026-08-22,Google Ads,Yamaha Fazer 250,6506,357,673.55,24
2026-08-23,Meta Ads,Yamaha MT-07,5206,358,1015.8,20
2026-08-23,Meta Ads,Yamaha NMAX 160,4302,133,514.56,11
2026-08-23,Meta Ads,Yamaha Crosser 150,7467,436,1743.27,43
2026-08-23,Meta Ads,Yamaha Fazer 250,8115,176,238.3,17
2026-08-23,Google Ads,Yamaha MT-07,3225,179,686.49,22
2026-08-23,Google Ads,Yamaha NMAX 160,9701,571,1413.49,72
2026-08-23,Google Ads,Yamaha Crosser 150,4824,335,476.85,31
2026-08-23,Google Ads,Yamaha Fazer 250,8232,487,783.77,32
2026-08-24,Meta Ads,Yamaha MT-07,1373,28,77.45,1
2026-08-24,Meta Ads,Yamaha NMAX 160,2690,160,338.68,11
2026-08-24,Meta Ads,Yamaha Crosser 150,8687,312,1372.21,30
2026-08-24,Meta Ads,Yamaha Fazer 250,5776,437,527.61,61
2026-08-24,Google Ads,Yamaha MT-07,2441,104,384.26,12
2026-08-24,Google Ads,Yamaha NMAX 160,8143,402,1146.03,41
2026-08-24,Google Ads,Yamaha Crosser 150,7318,382,666.48,35
2026-08-24,Google Ads,Yamaha Fazer 250,6711,516,1396.84,27
2026-08-25,Meta Ads,Yamaha MT-07,1389,98,169.36,7
2026-08-25,Meta Ads,Yamaha NMAX 160,4570,181,462.72,18
2026-08-25,Meta Ads,Yamaha Crosser 150,3031,149,344.38,11
2026-08-25,Meta Ads,Yamaha Fazer 250,1747,81,147.92,10
2026-08-25,Google Ads,Yamaha MT-07,4157,261,828.68,26
2026-08-25,Google Ads,Yamaha NMAX 160,1605,68,173.87,3
2026-08-25,Google Ads,Yamaha Crosser 150,2668,179,483.03,8
2026-08-25,Google Ads,Yamaha Fazer 250,9556,268,534.59,33
2026-08-26,Meta Ads,Yamaha MT-07,1011,70,242.21,10
2026-08-26,Meta Ads,Yamaha NMAX 160,8790,613,2295.58,33
2026-08-26,Meta Ads,Yamaha Crosser 150,2022,150,335.97,8
2026-08-26,Meta Ads,Yamaha Fazer 250,8536,404,1725.61,33
2026-08-26,Google Ads,Yamaha MT-07,6087,179,386.09,24
2026-08-26,Google Ads,Yamaha NMAX 160,2412,76,131.53,9
2026-08-26,Google Ads,Yamaha Crosser 150,6259,322,730.8,22
2026-08-26,Google Ads,Yamaha Fazer 250,3357,181,598.83,19
2026-08-27,Meta Ads,Yamaha MT-07,5908,205,506.03,10
2026-08-27,Meta Ads,Yamaha NMAX 160,4563,335,888.8,30
2026-08-27,Meta Ads,Yamaha Crosser 150,7490,264,936.46,22
2026-08-27,Meta Ads,Yamaha Fazer 250,4390,143,430.95,19
2026-08-27,Google Ads,Yamaha MT-07,8859,258,671.81,35
2026-08-27,Google Ads,Yamaha NMAX 160,9304,486,2127.84,36
2026-08-27,Google Ads,Yamaha Crosser 150,8585,300,600.86,24
2026-08-27,Google Ads,Yamaha Fazer 250,4180,323,409.04,29
2026-08-28,Meta Ads,Yamaha MT-07,7853,395,964.07,40
2026-08-28,Meta Ads,Yamaha NMAX 160,5598,124,245.46,7
2026-08-28,Meta Ads,Yamaha Crosser 150,9742,211,910.67,16
2026-08-28,Meta Ads,Yamaha Fazer 250,7237,217,573.26,14
2026-08-28,Google Ads,Yamaha MT-07,1911,112,157.49,12
2026-08-28,Google Ads,Yamaha NMAX 160,5199,326,1041.86,20
2026-08-28,Google Ads,Yamaha Crosser 150,4478,295,1236.66,38
2026-08-28,Google Ads,Yamaha Fazer 250,4515,265,718.77,38
2026-08-29,Meta Ads,Yamaha MT-07,7008,301,593.38,16
2026-08-29,Meta Ads,Yamaha NMAX 160,1061,60,194.5,5
2026-08-29,Meta Ads,Yamaha Crosser 150,6309,167,322.14,20
2026-08-29,Meta Ads,Yamaha Fazer 250,4190,317,556.39,47
2026-08-29,Google Ads,Yamaha MT-07,9511,217,372.14,23
2026-08-29,Google Ads,Yamaha NMAX 160,5666,292,1137.12,37
2026-08-29,Google Ads,Yamaha Crosser 150,4248,190,816.64,26
2026-08-29,Google Ads,Yamaha Fazer 250,7125,440,1803.34,34
2026-08-30,Meta Ads,Yamaha MT-07,2733,54,199.14,5
2026-08-30,Meta Ads,Yamaha NMAX 160,8209,578,1094.68,80
2026-08-30,Meta Ads,Yamaha Crosser 150,1345,88,273.09,7
2026-08-30,Meta Ads,Yamaha Fazer 250,7589,428,1752.71,59
2026-08-30,Google Ads,Yamaha MT-07,1733,62,93.65,9
2026-08-30,Google Ads,Yamaha NMAX 160,4414,162,275.06,9
2026-08-30,Google Ads,Yamaha Crosser 150,7229,347,908.96,38
2026-08-30,Google Ads,Yamaha Fazer 250,4248,296,1308.74,26
